-- phpMyAdmin SQL Dump
-- version 4.7.4
-- https://www.phpmyadmin.net/
--
-- Hôte : 127.0.0.1:3306
-- Généré le :  ven. 09 mars 2018 à 10:55
-- Version du serveur :  5.7.19
-- Version de PHP :  7.1.9

SET SQL_MODE = "NO_AUTO_VALUE_ON_ZERO";
SET AUTOCOMMIT = 0;
START TRANSACTION;
SET time_zone = "+00:00";


/*!40101 SET @OLD_CHARACTER_SET_CLIENT=@@CHARACTER_SET_CLIENT */;
/*!40101 SET @OLD_CHARACTER_SET_RESULTS=@@CHARACTER_SET_RESULTS */;
/*!40101 SET @OLD_COLLATION_CONNECTION=@@COLLATION_CONNECTION */;
/*!40101 SET NAMES utf8mb4 */;

--
-- Base de données :  `gestionclasse`
--

-- --------------------------------------------------------

--
-- Structure de la table `agnez_classe`
--

DROP TABLE IF EXISTS `agnez_classe`;
CREATE TABLE IF NOT EXISTS `agnez_classe` (
  `id` int(11) NOT NULL AUTO_INCREMENT,
  `user_id` int(11) NOT NULL,
  `name` varchar(255) COLLATE utf8_unicode_ci NOT NULL,
  PRIMARY KEY (`id`),
  KEY `IDX_BE5F9FA8A76ED395` (`user_id`)
) ENGINE=InnoDB AUTO_INCREMENT=117 DEFAULT CHARSET=utf8 COLLATE=utf8_unicode_ci;

--
-- Déchargement des données de la table `agnez_classe`
--

INSERT INTO `agnez_classe` (`id`, `user_id`, `name`) VALUES
(48, 3, '1A'),
(49, 3, '1B'),
(50, 3, '1C'),
(99, 1, '5A'),
(100, 1, '5D'),
(101, 1, '4A'),
(102, 1, '4D'),
(107, 4, '1A'),
(108, 4, '1B');

-- --------------------------------------------------------

--
-- Structure de la table `agnez_edt_heure`
--

DROP TABLE IF EXISTS `agnez_edt_heure`;
CREATE TABLE IF NOT EXISTS `agnez_edt_heure` (
  `id` int(11) NOT NULL AUTO_INCREMENT,
  `dateDebut` datetime NOT NULL,
  `classe_id` int(11) NOT NULL,
  `numHeure` int(11) NOT NULL,
  `numSem` int(11) NOT NULL,
  PRIMARY KEY (`id`),
  KEY `IDX_A58B99548F5EA509` (`classe_id`)
) ENGINE=InnoDB AUTO_INCREMENT=9082 DEFAULT CHARSET=utf8 COLLATE=utf8_unicode_ci;

--
-- Déchargement des données de la table `agnez_edt_heure`
--

INSERT INTO `agnez_edt_heure` (`id`, `dateDebut`, `classe_id`, `numHeure`, `numSem`) VALUES
(4922, '2017-09-04 08:00:00', 107, 11, 1),
(4923, '2017-09-11 08:00:00', 107, 11, 2),
(4924, '2017-09-18 08:00:00', 107, 11, 3),
(4925, '2017-09-25 08:00:00', 107, 11, 4),
(4926, '2017-10-02 08:00:00', 107, 11, 5),
(4927, '2017-10-09 08:00:00', 107, 11, 6),
(4928, '2017-10-16 08:00:00', 107, 11, 7),
(4929, '2017-10-23 08:00:00', 107, 11, 8),
(4930, '2017-10-30 08:00:00', 107, 11, 9),
(4931, '2017-11-06 08:00:00', 107, 11, 10),
(4932, '2017-11-13 08:00:00', 107, 11, 11),
(4933, '2017-11-20 08:00:00', 107, 11, 12),
(4934, '2017-11-27 08:00:00', 107, 11, 13),
(4935, '2017-12-04 08:00:00', 107, 11, 14),
(4936, '2017-12-11 08:00:00', 107, 11, 15),
(4937, '2017-12-18 08:00:00', 107, 11, 16),
(4938, '2017-12-25 08:00:00', 107, 11, 17),
(4939, '2018-01-01 08:00:00', 107, 11, 18),
(4940, '2018-01-08 08:00:00', 107, 11, 19),
(4941, '2018-01-15 08:00:00', 107, 11, 20),
(4942, '2018-01-22 08:00:00', 107, 11, 21),
(4943, '2018-01-29 08:00:00', 107, 11, 22),
(4944, '2018-02-05 08:00:00', 107, 11, 23),
(4945, '2018-02-12 08:00:00', 107, 11, 24),
(4946, '2018-02-19 08:00:00', 107, 11, 25),
(4947, '2018-02-26 08:00:00', 107, 11, 26),
(4948, '2018-03-05 08:00:00', 107, 11, 27),
(4949, '2018-03-12 08:00:00', 107, 11, 28),
(4950, '2018-03-19 08:00:00', 107, 11, 29),
(4951, '2018-03-26 08:00:00', 107, 11, 30),
(4952, '2018-04-02 08:00:00', 107, 11, 31),
(4953, '2018-04-09 08:00:00', 107, 11, 32),
(4954, '2018-04-16 08:00:00', 107, 11, 33),
(4955, '2018-04-23 08:00:00', 107, 11, 34),
(4956, '2018-04-30 08:00:00', 107, 11, 35),
(4957, '2018-05-07 08:00:00', 107, 11, 36),
(4958, '2018-05-14 08:00:00', 107, 11, 37),
(4959, '2018-05-21 08:00:00', 107, 11, 38),
(4960, '2018-05-28 08:00:00', 107, 11, 39),
(4961, '2018-06-04 08:00:00', 107, 11, 40),
(4962, '2017-09-04 09:00:00', 108, 12, 1),
(4963, '2017-09-11 09:00:00', 108, 12, 2),
(4964, '2017-09-18 09:00:00', 108, 12, 3),
(4965, '2017-09-25 09:00:00', 108, 12, 4),
(4966, '2017-10-02 09:00:00', 108, 12, 5),
(4967, '2017-10-09 09:00:00', 108, 12, 6),
(4968, '2017-10-16 09:00:00', 108, 12, 7),
(4969, '2017-10-23 09:00:00', 108, 12, 8),
(4970, '2017-10-30 09:00:00', 108, 12, 9),
(4971, '2017-11-06 09:00:00', 108, 12, 10),
(4972, '2017-11-13 09:00:00', 108, 12, 11),
(4973, '2017-11-20 09:00:00', 108, 12, 12),
(4974, '2017-11-27 09:00:00', 108, 12, 13),
(4975, '2017-12-04 09:00:00', 108, 12, 14),
(4976, '2017-12-11 09:00:00', 108, 12, 15),
(4977, '2017-12-18 09:00:00', 108, 12, 16),
(4978, '2017-12-25 09:00:00', 108, 12, 17),
(4979, '2018-01-01 09:00:00', 108, 12, 18),
(4980, '2018-01-08 09:00:00', 108, 12, 19),
(4981, '2018-01-15 09:00:00', 108, 12, 20),
(4982, '2018-01-22 09:00:00', 108, 12, 21),
(4983, '2018-01-29 09:00:00', 108, 12, 22),
(4984, '2018-02-05 09:00:00', 108, 12, 23),
(4985, '2018-02-12 09:00:00', 108, 12, 24),
(4986, '2018-02-19 09:00:00', 108, 12, 25),
(4987, '2018-02-26 09:00:00', 108, 12, 26),
(4988, '2018-03-05 09:00:00', 108, 12, 27),
(4989, '2018-03-12 09:00:00', 108, 12, 28),
(4990, '2018-03-19 09:00:00', 108, 12, 29),
(4991, '2018-03-26 09:00:00', 108, 12, 30),
(4992, '2018-04-02 09:00:00', 108, 12, 31),
(4993, '2018-04-09 09:00:00', 108, 12, 32),
(4994, '2018-04-16 09:00:00', 108, 12, 33),
(4995, '2018-04-23 09:00:00', 108, 12, 34),
(4996, '2018-04-30 09:00:00', 108, 12, 35),
(4997, '2018-05-07 09:00:00', 108, 12, 36),
(4998, '2018-05-14 09:00:00', 108, 12, 37),
(4999, '2018-05-21 09:00:00', 108, 12, 38),
(5000, '2018-05-28 09:00:00', 108, 12, 39),
(5001, '2018-06-04 09:00:00', 108, 12, 40),
(5002, '2017-09-04 10:00:00', 107, 13, 1),
(5003, '2017-09-11 10:00:00', 107, 13, 2),
(5004, '2017-09-18 10:00:00', 107, 13, 3),
(5005, '2017-09-25 10:00:00', 107, 13, 4),
(5006, '2017-10-02 10:00:00', 107, 13, 5),
(5007, '2017-10-09 10:00:00', 107, 13, 6),
(5008, '2017-10-16 10:00:00', 107, 13, 7),
(5009, '2017-10-23 10:00:00', 107, 13, 8),
(5010, '2017-10-30 10:00:00', 107, 13, 9),
(5011, '2017-11-06 10:00:00', 107, 13, 10),
(5012, '2017-11-13 10:00:00', 107, 13, 11),
(5013, '2017-11-20 10:00:00', 107, 13, 12),
(5014, '2017-11-27 10:00:00', 107, 13, 13),
(5015, '2017-12-04 10:00:00', 107, 13, 14),
(5016, '2017-12-11 10:00:00', 107, 13, 15),
(5017, '2017-12-18 10:00:00', 107, 13, 16),
(5018, '2017-12-25 10:00:00', 107, 13, 17),
(5019, '2018-01-01 10:00:00', 107, 13, 18),
(5020, '2018-01-08 10:00:00', 107, 13, 19),
(5021, '2018-01-15 10:00:00', 107, 13, 20),
(5022, '2018-01-22 10:00:00', 107, 13, 21),
(5023, '2018-01-29 10:00:00', 107, 13, 22),
(5024, '2018-02-05 10:00:00', 107, 13, 23),
(5025, '2018-02-12 10:00:00', 107, 13, 24),
(5026, '2018-02-19 10:00:00', 107, 13, 25),
(5027, '2018-02-26 10:00:00', 107, 13, 26),
(5028, '2018-03-05 10:00:00', 107, 13, 27),
(5029, '2018-03-12 10:00:00', 107, 13, 28),
(5030, '2018-03-19 10:00:00', 107, 13, 29),
(5031, '2018-03-26 10:00:00', 107, 13, 30),
(5032, '2018-04-02 10:00:00', 107, 13, 31),
(5033, '2018-04-09 10:00:00', 107, 13, 32),
(5034, '2018-04-16 10:00:00', 107, 13, 33),
(5035, '2018-04-23 10:00:00', 107, 13, 34),
(5036, '2018-04-30 10:00:00', 107, 13, 35),
(5037, '2018-05-07 10:00:00', 107, 13, 36),
(5038, '2018-05-14 10:00:00', 107, 13, 37),
(5039, '2018-05-21 10:00:00', 107, 13, 38),
(5040, '2018-05-28 10:00:00', 107, 13, 39),
(5041, '2018-06-04 10:00:00', 107, 13, 40),
(5042, '2017-09-04 14:00:00', 108, 15, 1),
(5043, '2017-09-11 14:00:00', 108, 15, 2),
(5044, '2017-09-18 14:00:00', 108, 15, 3),
(5045, '2017-09-25 14:00:00', 108, 15, 4),
(5046, '2017-10-02 14:00:00', 108, 15, 5),
(5047, '2017-10-09 14:00:00', 108, 15, 6),
(5048, '2017-10-16 14:00:00', 108, 15, 7),
(5049, '2017-10-23 14:00:00', 108, 15, 8),
(5050, '2017-10-30 14:00:00', 108, 15, 9),
(5051, '2017-11-06 14:00:00', 108, 15, 10),
(5052, '2017-11-13 14:00:00', 108, 15, 11),
(5053, '2017-11-20 14:00:00', 108, 15, 12),
(5054, '2017-11-27 14:00:00', 108, 15, 13),
(5055, '2017-12-04 14:00:00', 108, 15, 14),
(5056, '2017-12-11 14:00:00', 108, 15, 15),
(5057, '2017-12-18 14:00:00', 108, 15, 16),
(5058, '2017-12-25 14:00:00', 108, 15, 17),
(5059, '2018-01-01 14:00:00', 108, 15, 18),
(5060, '2018-01-08 14:00:00', 108, 15, 19),
(5061, '2018-01-15 14:00:00', 108, 15, 20),
(5062, '2018-01-22 14:00:00', 108, 15, 21),
(5063, '2018-01-29 14:00:00', 108, 15, 22),
(5064, '2018-02-05 14:00:00', 108, 15, 23),
(5065, '2018-02-12 14:00:00', 108, 15, 24),
(5066, '2018-02-19 14:00:00', 108, 15, 25),
(5067, '2018-02-26 14:00:00', 108, 15, 26),
(5068, '2018-03-05 14:00:00', 108, 15, 27),
(5069, '2018-03-12 14:00:00', 108, 15, 28),
(5070, '2018-03-19 14:00:00', 108, 15, 29),
(5071, '2018-03-26 14:00:00', 108, 15, 30),
(5072, '2018-04-02 14:00:00', 108, 15, 31),
(5073, '2018-04-09 14:00:00', 108, 15, 32),
(5074, '2018-04-16 14:00:00', 108, 15, 33),
(5075, '2018-04-23 14:00:00', 108, 15, 34),
(5076, '2018-04-30 14:00:00', 108, 15, 35),
(5077, '2018-05-07 14:00:00', 108, 15, 36),
(5078, '2018-05-14 14:00:00', 108, 15, 37),
(5079, '2018-05-21 14:00:00', 108, 15, 38),
(5080, '2018-05-28 14:00:00', 108, 15, 39),
(5081, '2018-06-04 14:00:00', 108, 15, 40),
(5082, '2017-09-04 15:00:00', 108, 16, 1),
(5083, '2017-09-11 15:00:00', 108, 16, 2),
(5084, '2017-09-18 15:00:00', 108, 16, 3),
(5085, '2017-09-25 15:00:00', 108, 16, 4),
(5086, '2017-10-02 15:00:00', 108, 16, 5),
(5087, '2017-10-09 15:00:00', 108, 16, 6),
(5088, '2017-10-16 15:00:00', 108, 16, 7),
(5089, '2017-10-23 15:00:00', 108, 16, 8),
(5090, '2017-10-30 15:00:00', 108, 16, 9),
(5091, '2017-11-06 15:00:00', 108, 16, 10),
(5092, '2017-11-13 15:00:00', 108, 16, 11),
(5093, '2017-11-20 15:00:00', 108, 16, 12),
(5094, '2017-11-27 15:00:00', 108, 16, 13),
(5095, '2017-12-04 15:00:00', 108, 16, 14),
(5096, '2017-12-11 15:00:00', 108, 16, 15),
(5097, '2017-12-18 15:00:00', 108, 16, 16),
(5098, '2017-12-25 15:00:00', 108, 16, 17),
(5099, '2018-01-01 15:00:00', 108, 16, 18),
(5100, '2018-01-08 15:00:00', 108, 16, 19),
(5101, '2018-01-15 15:00:00', 108, 16, 20),
(5102, '2018-01-22 15:00:00', 108, 16, 21),
(5103, '2018-01-29 15:00:00', 108, 16, 22),
(5104, '2018-02-05 15:00:00', 108, 16, 23),
(5105, '2018-02-12 15:00:00', 108, 16, 24),
(5106, '2018-02-19 15:00:00', 108, 16, 25),
(5107, '2018-02-26 15:00:00', 108, 16, 26),
(5108, '2018-03-05 15:00:00', 108, 16, 27),
(5109, '2018-03-12 15:00:00', 108, 16, 28),
(5110, '2018-03-19 15:00:00', 108, 16, 29),
(5111, '2018-03-26 15:00:00', 108, 16, 30),
(5112, '2018-04-02 15:00:00', 108, 16, 31),
(5113, '2018-04-09 15:00:00', 108, 16, 32),
(5114, '2018-04-16 15:00:00', 108, 16, 33),
(5115, '2018-04-23 15:00:00', 108, 16, 34),
(5116, '2018-04-30 15:00:00', 108, 16, 35),
(5117, '2018-05-07 15:00:00', 108, 16, 36),
(5118, '2018-05-14 15:00:00', 108, 16, 37),
(5119, '2018-05-21 15:00:00', 108, 16, 38),
(5120, '2018-05-28 15:00:00', 108, 16, 39),
(5121, '2018-06-04 15:00:00', 108, 16, 40),
(6602, '2017-09-04 10:00:00', 100, 13, 1),
(6603, '2017-09-11 10:00:00', 100, 13, 2),
(6604, '2017-09-18 10:00:00', 100, 13, 3),
(6605, '2017-09-25 10:00:00', 100, 13, 4),
(6606, '2017-10-02 10:00:00', 100, 13, 5),
(6607, '2017-10-09 10:00:00', 100, 13, 6),
(6608, '2017-10-16 10:00:00', 100, 13, 7),
(6609, '2017-10-23 10:00:00', 100, 13, 8),
(6610, '2017-10-30 10:00:00', 100, 13, 9),
(6611, '2017-11-06 10:00:00', 100, 13, 10),
(6612, '2017-11-13 10:00:00', 100, 13, 11),
(6613, '2017-11-20 10:00:00', 100, 13, 12),
(6614, '2017-11-27 10:00:00', 100, 13, 13),
(6615, '2017-12-04 10:00:00', 100, 13, 14),
(6616, '2017-12-11 10:00:00', 100, 13, 15),
(6617, '2017-12-18 10:00:00', 100, 13, 16),
(6618, '2017-12-25 10:00:00', 100, 13, 17),
(6619, '2018-01-01 10:00:00', 100, 13, 18),
(6620, '2018-01-08 10:00:00', 100, 13, 19),
(6621, '2018-01-15 10:00:00', 100, 13, 20),
(6622, '2018-01-22 10:00:00', 100, 13, 21),
(6623, '2018-01-29 10:00:00', 100, 13, 22),
(6624, '2018-02-05 10:00:00', 100, 13, 23),
(6625, '2018-02-12 10:00:00', 100, 13, 24),
(6626, '2018-02-19 10:00:00', 100, 13, 25),
(6627, '2018-02-26 10:00:00', 100, 13, 26),
(6628, '2018-03-05 10:00:00', 100, 13, 27),
(6629, '2018-03-12 10:00:00', 100, 13, 28),
(6630, '2018-03-19 10:00:00', 100, 13, 29),
(6631, '2018-03-26 10:00:00', 100, 13, 30),
(6632, '2018-04-02 10:00:00', 100, 13, 31),
(6633, '2018-04-09 10:00:00', 100, 13, 32),
(6634, '2018-04-16 10:00:00', 100, 13, 33),
(6635, '2018-04-23 10:00:00', 100, 13, 34),
(6636, '2018-04-30 10:00:00', 100, 13, 35),
(6637, '2018-05-07 10:00:00', 100, 13, 36),
(6638, '2018-05-14 10:00:00', 100, 13, 37),
(6639, '2018-05-21 10:00:00', 100, 13, 38),
(6640, '2018-05-28 10:00:00', 100, 13, 39),
(6641, '2018-06-04 10:00:00', 100, 13, 40),
(6642, '2017-09-04 11:00:00', 99, 14, 1),
(6643, '2017-09-11 11:00:00', 99, 14, 2),
(6644, '2017-09-18 11:00:00', 99, 14, 3),
(6645, '2017-09-25 11:00:00', 99, 14, 4),
(6646, '2017-10-02 11:00:00', 99, 14, 5),
(6647, '2017-10-09 11:00:00', 99, 14, 6),
(6648, '2017-10-16 11:00:00', 99, 14, 7),
(6649, '2017-10-23 11:00:00', 99, 14, 8),
(6650, '2017-10-30 11:00:00', 99, 14, 9),
(6651, '2017-11-06 11:00:00', 99, 14, 10),
(6652, '2017-11-13 11:00:00', 99, 14, 11),
(6653, '2017-11-20 11:00:00', 99, 14, 12),
(6654, '2017-11-27 11:00:00', 99, 14, 13),
(6655, '2017-12-04 11:00:00', 99, 14, 14),
(6656, '2017-12-11 11:00:00', 99, 14, 15),
(6657, '2017-12-18 11:00:00', 99, 14, 16),
(6658, '2017-12-25 11:00:00', 99, 14, 17),
(6659, '2018-01-01 11:00:00', 99, 14, 18),
(6660, '2018-01-08 11:00:00', 99, 14, 19),
(6661, '2018-01-15 11:00:00', 99, 14, 20),
(6662, '2018-01-22 11:00:00', 99, 14, 21),
(6663, '2018-01-29 11:00:00', 99, 14, 22),
(6664, '2018-02-05 11:00:00', 99, 14, 23),
(6665, '2018-02-12 11:00:00', 99, 14, 24),
(6666, '2018-02-19 11:00:00', 99, 14, 25),
(6667, '2018-02-26 11:00:00', 99, 14, 26),
(6668, '2018-03-05 11:00:00', 99, 14, 27),
(6669, '2018-03-12 11:00:00', 99, 14, 28),
(6670, '2018-03-19 11:00:00', 99, 14, 29),
(6671, '2018-03-26 11:00:00', 99, 14, 30),
(6672, '2018-04-02 11:00:00', 99, 14, 31),
(6673, '2018-04-09 11:00:00', 99, 14, 32),
(6674, '2018-04-16 11:00:00', 99, 14, 33),
(6675, '2018-04-23 11:00:00', 99, 14, 34),
(6676, '2018-04-30 11:00:00', 99, 14, 35),
(6677, '2018-05-07 11:00:00', 99, 14, 36),
(6678, '2018-05-14 11:00:00', 99, 14, 37),
(6679, '2018-05-21 11:00:00', 99, 14, 38),
(6680, '2018-05-28 11:00:00', 99, 14, 39),
(6681, '2018-06-04 11:00:00', 99, 14, 40),
(6682, '2017-09-04 14:00:00', 101, 15, 1),
(6683, '2017-09-11 14:00:00', 101, 15, 2),
(6684, '2017-09-18 14:00:00', 101, 15, 3),
(6685, '2017-09-25 14:00:00', 101, 15, 4),
(6686, '2017-10-02 14:00:00', 101, 15, 5),
(6687, '2017-10-09 14:00:00', 101, 15, 6),
(6688, '2017-10-16 14:00:00', 101, 15, 7),
(6689, '2017-10-23 14:00:00', 101, 15, 8),
(6690, '2017-10-30 14:00:00', 101, 15, 9),
(6691, '2017-11-06 14:00:00', 101, 15, 10),
(6692, '2017-11-13 14:00:00', 101, 15, 11),
(6693, '2017-11-20 14:00:00', 101, 15, 12),
(6694, '2017-11-27 14:00:00', 101, 15, 13),
(6695, '2017-12-04 14:00:00', 101, 15, 14),
(6696, '2017-12-11 14:00:00', 101, 15, 15),
(6697, '2017-12-18 14:00:00', 101, 15, 16),
(6698, '2017-12-25 14:00:00', 101, 15, 17),
(6699, '2018-01-01 14:00:00', 101, 15, 18),
(6700, '2018-01-08 14:00:00', 101, 15, 19),
(6701, '2018-01-15 14:00:00', 101, 15, 20),
(6702, '2018-01-22 14:00:00', 101, 15, 21),
(6703, '2018-01-29 14:00:00', 101, 15, 22),
(6704, '2018-02-05 14:00:00', 101, 15, 23),
(6705, '2018-02-12 14:00:00', 101, 15, 24),
(6706, '2018-02-19 14:00:00', 101, 15, 25),
(6707, '2018-02-26 14:00:00', 101, 15, 26),
(6708, '2018-03-05 14:00:00', 101, 15, 27),
(6709, '2018-03-12 14:00:00', 101, 15, 28),
(6710, '2018-03-19 14:00:00', 101, 15, 29),
(6711, '2018-03-26 14:00:00', 101, 15, 30),
(6712, '2018-04-02 14:00:00', 101, 15, 31),
(6713, '2018-04-09 14:00:00', 101, 15, 32),
(6714, '2018-04-16 14:00:00', 101, 15, 33),
(6715, '2018-04-23 14:00:00', 101, 15, 34),
(6716, '2018-04-30 14:00:00', 101, 15, 35),
(6717, '2018-05-07 14:00:00', 101, 15, 36),
(6718, '2018-05-14 14:00:00', 101, 15, 37),
(6719, '2018-05-21 14:00:00', 101, 15, 38),
(6720, '2018-05-28 14:00:00', 101, 15, 39),
(6721, '2018-06-04 14:00:00', 101, 15, 40),
(6722, '2017-09-04 15:00:00', 102, 16, 1),
(6723, '2017-09-11 15:00:00', 102, 16, 2),
(6724, '2017-09-18 15:00:00', 102, 16, 3),
(6725, '2017-09-25 15:00:00', 102, 16, 4),
(6726, '2017-10-02 15:00:00', 102, 16, 5),
(6727, '2017-10-09 15:00:00', 102, 16, 6),
(6728, '2017-10-16 15:00:00', 102, 16, 7),
(6729, '2017-10-23 15:00:00', 102, 16, 8),
(6730, '2017-10-30 15:00:00', 102, 16, 9),
(6731, '2017-11-06 15:00:00', 102, 16, 10),
(6732, '2017-11-13 15:00:00', 102, 16, 11),
(6733, '2017-11-20 15:00:00', 102, 16, 12),
(6734, '2017-11-27 15:00:00', 102, 16, 13),
(6735, '2017-12-04 15:00:00', 102, 16, 14),
(6736, '2017-12-11 15:00:00', 102, 16, 15),
(6737, '2017-12-18 15:00:00', 102, 16, 16),
(6738, '2017-12-25 15:00:00', 102, 16, 17),
(6739, '2018-01-01 15:00:00', 102, 16, 18),
(6740, '2018-01-08 15:00:00', 102, 16, 19),
(6741, '2018-01-15 15:00:00', 102, 16, 20),
(6742, '2018-01-22 15:00:00', 102, 16, 21),
(6743, '2018-01-29 15:00:00', 102, 16, 22),
(6744, '2018-02-05 15:00:00', 102, 16, 23),
(6745, '2018-02-12 15:00:00', 102, 16, 24),
(6746, '2018-02-19 15:00:00', 102, 16, 25),
(6747, '2018-02-26 15:00:00', 102, 16, 26),
(6748, '2018-03-05 15:00:00', 102, 16, 27),
(6749, '2018-03-12 15:00:00', 102, 16, 28),
(6750, '2018-03-19 15:00:00', 102, 16, 29),
(6751, '2018-03-26 15:00:00', 102, 16, 30),
(6752, '2018-04-02 15:00:00', 102, 16, 31),
(6753, '2018-04-09 15:00:00', 102, 16, 32),
(6754, '2018-04-16 15:00:00', 102, 16, 33),
(6755, '2018-04-23 15:00:00', 102, 16, 34),
(6756, '2018-04-30 15:00:00', 102, 16, 35),
(6757, '2018-05-07 15:00:00', 102, 16, 36),
(6758, '2018-05-14 15:00:00', 102, 16, 37),
(6759, '2018-05-21 15:00:00', 102, 16, 38),
(6760, '2018-05-28 15:00:00', 102, 16, 39),
(6761, '2018-06-04 15:00:00', 102, 16, 40),
(6762, '2017-09-04 16:00:00', 100, 17, 1),
(6763, '2017-09-11 16:00:00', 100, 17, 2),
(6764, '2017-09-18 16:00:00', 100, 17, 3),
(6765, '2017-09-25 16:00:00', 100, 17, 4),
(6766, '2017-10-02 16:00:00', 100, 17, 5),
(6767, '2017-10-09 16:00:00', 100, 17, 6),
(6768, '2017-10-16 16:00:00', 100, 17, 7),
(6769, '2017-10-23 16:00:00', 100, 17, 8),
(6770, '2017-10-30 16:00:00', 100, 17, 9),
(6771, '2017-11-06 16:00:00', 100, 17, 10),
(6772, '2017-11-13 16:00:00', 100, 17, 11),
(6773, '2017-11-20 16:00:00', 100, 17, 12),
(6774, '2017-11-27 16:00:00', 100, 17, 13),
(6775, '2017-12-04 16:00:00', 100, 17, 14),
(6776, '2017-12-11 16:00:00', 100, 17, 15),
(6777, '2017-12-18 16:00:00', 100, 17, 16),
(6778, '2017-12-25 16:00:00', 100, 17, 17),
(6779, '2018-01-01 16:00:00', 100, 17, 18),
(6780, '2018-01-08 16:00:00', 100, 17, 19),
(6781, '2018-01-15 16:00:00', 100, 17, 20),
(6782, '2018-01-22 16:00:00', 100, 17, 21),
(6783, '2018-01-29 16:00:00', 100, 17, 22),
(6784, '2018-02-05 16:00:00', 100, 17, 23),
(6785, '2018-02-12 16:00:00', 100, 17, 24),
(6786, '2018-02-19 16:00:00', 100, 17, 25),
(6787, '2018-02-26 16:00:00', 100, 17, 26),
(6788, '2018-03-05 16:00:00', 100, 17, 27),
(6789, '2018-03-12 16:00:00', 100, 17, 28),
(6790, '2018-03-19 16:00:00', 100, 17, 29),
(6791, '2018-03-26 16:00:00', 100, 17, 30),
(6792, '2018-04-02 16:00:00', 100, 17, 31),
(6793, '2018-04-09 16:00:00', 100, 17, 32),
(6794, '2018-04-16 16:00:00', 100, 17, 33),
(6795, '2018-04-23 16:00:00', 100, 17, 34),
(6796, '2018-04-30 16:00:00', 100, 17, 35),
(6797, '2018-05-07 16:00:00', 100, 17, 36),
(6798, '2018-05-14 16:00:00', 100, 17, 37),
(6799, '2018-05-21 16:00:00', 100, 17, 38),
(6800, '2018-05-28 16:00:00', 100, 17, 39),
(6801, '2018-06-04 16:00:00', 100, 17, 40),
(6802, '2017-09-05 09:00:00', 99, 22, 1),
(6803, '2017-09-12 09:00:00', 99, 22, 2),
(6804, '2017-09-19 09:00:00', 99, 22, 3),
(6805, '2017-09-26 09:00:00', 99, 22, 4),
(6806, '2017-10-03 09:00:00', 99, 22, 5),
(6807, '2017-10-10 09:00:00', 99, 22, 6),
(6808, '2017-10-17 09:00:00', 99, 22, 7),
(6809, '2017-10-24 09:00:00', 99, 22, 8),
(6810, '2017-10-31 09:00:00', 99, 22, 9),
(6811, '2017-11-07 09:00:00', 99, 22, 10),
(6812, '2017-11-14 09:00:00', 99, 22, 11),
(6813, '2017-11-21 09:00:00', 99, 22, 12),
(6814, '2017-11-28 09:00:00', 99, 22, 13),
(6815, '2017-12-05 09:00:00', 99, 22, 14),
(6816, '2017-12-12 09:00:00', 99, 22, 15),
(6817, '2017-12-19 09:00:00', 99, 22, 16),
(6818, '2017-12-26 09:00:00', 99, 22, 17),
(6819, '2018-01-02 09:00:00', 99, 22, 18),
(6820, '2018-01-09 09:00:00', 99, 22, 19),
(6821, '2018-01-16 09:00:00', 99, 22, 20),
(6822, '2018-01-23 09:00:00', 99, 22, 21),
(6823, '2018-01-30 09:00:00', 99, 22, 22),
(6824, '2018-02-06 09:00:00', 99, 22, 23),
(6825, '2018-02-13 09:00:00', 99, 22, 24),
(6826, '2018-02-20 09:00:00', 99, 22, 25),
(6827, '2018-02-27 09:00:00', 99, 22, 26),
(6828, '2018-03-06 09:00:00', 99, 22, 27),
(6829, '2018-03-13 09:00:00', 99, 22, 28),
(6830, '2018-03-20 09:00:00', 99, 22, 29),
(6831, '2018-03-27 09:00:00', 99, 22, 30),
(6832, '2018-04-03 09:00:00', 99, 22, 31),
(6833, '2018-04-10 09:00:00', 99, 22, 32),
(6834, '2018-04-17 09:00:00', 99, 22, 33),
(6835, '2018-04-24 09:00:00', 99, 22, 34),
(6836, '2018-05-01 09:00:00', 99, 22, 35),
(6837, '2018-05-08 09:00:00', 99, 22, 36),
(6838, '2018-05-15 09:00:00', 99, 22, 37),
(6839, '2018-05-22 09:00:00', 99, 22, 38),
(6840, '2018-05-29 09:00:00', 99, 22, 39),
(6841, '2018-06-05 09:00:00', 99, 22, 40),
(6842, '2017-09-05 10:00:00', 100, 23, 1),
(6843, '2017-09-12 10:00:00', 100, 23, 2),
(6844, '2017-09-19 10:00:00', 100, 23, 3),
(6845, '2017-09-26 10:00:00', 100, 23, 4),
(6846, '2017-10-03 10:00:00', 100, 23, 5),
(6847, '2017-10-10 10:00:00', 100, 23, 6),
(6848, '2017-10-17 10:00:00', 100, 23, 7),
(6849, '2017-10-24 10:00:00', 100, 23, 8),
(6850, '2017-10-31 10:00:00', 100, 23, 9),
(6851, '2017-11-07 10:00:00', 100, 23, 10),
(6852, '2017-11-14 10:00:00', 100, 23, 11),
(6853, '2017-11-21 10:00:00', 100, 23, 12),
(6854, '2017-11-28 10:00:00', 100, 23, 13),
(6855, '2017-12-05 10:00:00', 100, 23, 14),
(6856, '2017-12-12 10:00:00', 100, 23, 15),
(6857, '2017-12-19 10:00:00', 100, 23, 16),
(6858, '2017-12-26 10:00:00', 100, 23, 17),
(6859, '2018-01-02 10:00:00', 100, 23, 18),
(6860, '2018-01-09 10:00:00', 100, 23, 19),
(6861, '2018-01-16 10:00:00', 100, 23, 20),
(6862, '2018-01-23 10:00:00', 100, 23, 21),
(6863, '2018-01-30 10:00:00', 100, 23, 22),
(6864, '2018-02-06 10:00:00', 100, 23, 23),
(6865, '2018-02-13 10:00:00', 100, 23, 24),
(6866, '2018-02-20 10:00:00', 100, 23, 25),
(6867, '2018-02-27 10:00:00', 100, 23, 26),
(6868, '2018-03-06 10:00:00', 100, 23, 27),
(6869, '2018-03-13 10:00:00', 100, 23, 28),
(6870, '2018-03-20 10:00:00', 100, 23, 29),
(6871, '2018-03-27 10:00:00', 100, 23, 30),
(6872, '2018-04-03 10:00:00', 100, 23, 31),
(6873, '2018-04-10 10:00:00', 100, 23, 32),
(6874, '2018-04-17 10:00:00', 100, 23, 33),
(6875, '2018-04-24 10:00:00', 100, 23, 34),
(6876, '2018-05-01 10:00:00', 100, 23, 35),
(6877, '2018-05-08 10:00:00', 100, 23, 36),
(6878, '2018-05-15 10:00:00', 100, 23, 37),
(6879, '2018-05-22 10:00:00', 100, 23, 38),
(6880, '2018-05-29 10:00:00', 100, 23, 39),
(6881, '2018-06-05 10:00:00', 100, 23, 40),
(6882, '2017-09-05 15:00:00', 101, 26, 1),
(6883, '2017-09-12 15:00:00', 101, 26, 2),
(6884, '2017-09-19 15:00:00', 101, 26, 3),
(6885, '2017-09-26 15:00:00', 101, 26, 4),
(6886, '2017-10-03 15:00:00', 101, 26, 5),
(6887, '2017-10-10 15:00:00', 101, 26, 6),
(6888, '2017-10-17 15:00:00', 101, 26, 7),
(6889, '2017-10-24 15:00:00', 101, 26, 8),
(6890, '2017-10-31 15:00:00', 101, 26, 9),
(6891, '2017-11-07 15:00:00', 101, 26, 10),
(6892, '2017-11-14 15:00:00', 101, 26, 11),
(6893, '2017-11-21 15:00:00', 101, 26, 12),
(6894, '2017-11-28 15:00:00', 101, 26, 13),
(6895, '2017-12-05 15:00:00', 101, 26, 14),
(6896, '2017-12-12 15:00:00', 101, 26, 15),
(6897, '2017-12-19 15:00:00', 101, 26, 16),
(6898, '2017-12-26 15:00:00', 101, 26, 17),
(6899, '2018-01-02 15:00:00', 101, 26, 18),
(6900, '2018-01-09 15:00:00', 101, 26, 19),
(6901, '2018-01-16 15:00:00', 101, 26, 20),
(6902, '2018-01-23 15:00:00', 101, 26, 21),
(6903, '2018-01-30 15:00:00', 101, 26, 22),
(6904, '2018-02-06 15:00:00', 101, 26, 23),
(6905, '2018-02-13 15:00:00', 101, 26, 24),
(6906, '2018-02-20 15:00:00', 101, 26, 25),
(6907, '2018-02-27 15:00:00', 101, 26, 26),
(6908, '2018-03-06 15:00:00', 101, 26, 27),
(6909, '2018-03-13 15:00:00', 101, 26, 28),
(6910, '2018-03-20 15:00:00', 101, 26, 29),
(6911, '2018-03-27 15:00:00', 101, 26, 30),
(6912, '2018-04-03 15:00:00', 101, 26, 31),
(6913, '2018-04-10 15:00:00', 101, 26, 32),
(6914, '2018-04-17 15:00:00', 101, 26, 33),
(6915, '2018-04-24 15:00:00', 101, 26, 34),
(6916, '2018-05-01 15:00:00', 101, 26, 35),
(6917, '2018-05-08 15:00:00', 101, 26, 36),
(6918, '2018-05-15 15:00:00', 101, 26, 37),
(6919, '2018-05-22 15:00:00', 101, 26, 38),
(6920, '2018-05-29 15:00:00', 101, 26, 39),
(6921, '2018-06-05 15:00:00', 101, 26, 40),
(6922, '2017-09-05 16:00:00', 102, 27, 1),
(6923, '2017-09-12 16:00:00', 102, 27, 2),
(6924, '2017-09-19 16:00:00', 102, 27, 3),
(6925, '2017-09-26 16:00:00', 102, 27, 4),
(6926, '2017-10-03 16:00:00', 102, 27, 5),
(6927, '2017-10-10 16:00:00', 102, 27, 6),
(6928, '2017-10-17 16:00:00', 102, 27, 7),
(6929, '2017-10-24 16:00:00', 102, 27, 8),
(6930, '2017-10-31 16:00:00', 102, 27, 9),
(6931, '2017-11-07 16:00:00', 102, 27, 10),
(6932, '2017-11-14 16:00:00', 102, 27, 11),
(6933, '2017-11-21 16:00:00', 102, 27, 12),
(6934, '2017-11-28 16:00:00', 102, 27, 13),
(6935, '2017-12-05 16:00:00', 102, 27, 14),
(6936, '2017-12-12 16:00:00', 102, 27, 15),
(6937, '2017-12-19 16:00:00', 102, 27, 16),
(6938, '2017-12-26 16:00:00', 102, 27, 17),
(6939, '2018-01-02 16:00:00', 102, 27, 18),
(6940, '2018-01-09 16:00:00', 102, 27, 19),
(6941, '2018-01-16 16:00:00', 102, 27, 20),
(6942, '2018-01-23 16:00:00', 102, 27, 21),
(6943, '2018-01-30 16:00:00', 102, 27, 22),
(6944, '2018-02-06 16:00:00', 102, 27, 23),
(6945, '2018-02-13 16:00:00', 102, 27, 24),
(6946, '2018-02-20 16:00:00', 102, 27, 25),
(6947, '2018-02-27 16:00:00', 102, 27, 26),
(6948, '2018-03-06 16:00:00', 102, 27, 27),
(6949, '2018-03-13 16:00:00', 102, 27, 28),
(6950, '2018-03-20 16:00:00', 102, 27, 29),
(6951, '2018-03-27 16:00:00', 102, 27, 30),
(6952, '2018-04-03 16:00:00', 102, 27, 31),
(6953, '2018-04-10 16:00:00', 102, 27, 32),
(6954, '2018-04-17 16:00:00', 102, 27, 33),
(6955, '2018-04-24 16:00:00', 102, 27, 34),
(6956, '2018-05-01 16:00:00', 102, 27, 35),
(6957, '2018-05-08 16:00:00', 102, 27, 36),
(6958, '2018-05-15 16:00:00', 102, 27, 37),
(6959, '2018-05-22 16:00:00', 102, 27, 38),
(6960, '2018-05-29 16:00:00', 102, 27, 39),
(6961, '2018-06-05 16:00:00', 102, 27, 40),
(6962, '2017-09-06 08:00:00', 102, 31, 1),
(6963, '2017-09-13 08:00:00', 102, 31, 2),
(6964, '2017-09-20 08:00:00', 102, 31, 3),
(6965, '2017-09-27 08:00:00', 102, 31, 4),
(6966, '2017-10-04 08:00:00', 102, 31, 5),
(6967, '2017-10-11 08:00:00', 102, 31, 6),
(6968, '2017-10-18 08:00:00', 102, 31, 7),
(6969, '2017-10-25 08:00:00', 102, 31, 8),
(6970, '2017-11-01 08:00:00', 102, 31, 9),
(6971, '2017-11-08 08:00:00', 102, 31, 10),
(6972, '2017-11-15 08:00:00', 102, 31, 11),
(6973, '2017-11-22 08:00:00', 102, 31, 12),
(6974, '2017-11-29 08:00:00', 102, 31, 13),
(6975, '2017-12-06 08:00:00', 102, 31, 14),
(6976, '2017-12-13 08:00:00', 102, 31, 15),
(6977, '2017-12-20 08:00:00', 102, 31, 16),
(6978, '2017-12-27 08:00:00', 102, 31, 17),
(6979, '2018-01-03 08:00:00', 102, 31, 18),
(6980, '2018-01-10 08:00:00', 102, 31, 19),
(6981, '2018-01-17 08:00:00', 102, 31, 20),
(6982, '2018-01-24 08:00:00', 102, 31, 21),
(6983, '2018-01-31 08:00:00', 102, 31, 22),
(6984, '2018-02-07 08:00:00', 102, 31, 23),
(6985, '2018-02-14 08:00:00', 102, 31, 24),
(6986, '2018-02-21 08:00:00', 102, 31, 25),
(6987, '2018-02-28 08:00:00', 102, 31, 26),
(6988, '2018-03-07 08:00:00', 102, 31, 27),
(6989, '2018-03-14 08:00:00', 102, 31, 28),
(6990, '2018-03-21 08:00:00', 102, 31, 29),
(6991, '2018-03-28 08:00:00', 102, 31, 30),
(6992, '2018-04-04 08:00:00', 102, 31, 31),
(6993, '2018-04-11 08:00:00', 102, 31, 32),
(6994, '2018-04-18 08:00:00', 102, 31, 33),
(6995, '2018-04-25 08:00:00', 102, 31, 34),
(6996, '2018-05-02 08:00:00', 102, 31, 35),
(6997, '2018-05-09 08:00:00', 102, 31, 36),
(6998, '2018-05-16 08:00:00', 102, 31, 37),
(6999, '2018-05-23 08:00:00', 102, 31, 38),
(7000, '2018-05-30 08:00:00', 102, 31, 39),
(7001, '2018-06-06 08:00:00', 102, 31, 40),
(7002, '2017-09-06 09:00:00', 100, 32, 1),
(7003, '2017-09-13 09:00:00', 100, 32, 2),
(7004, '2017-09-20 09:00:00', 100, 32, 3),
(7005, '2017-09-27 09:00:00', 100, 32, 4),
(7006, '2017-10-04 09:00:00', 100, 32, 5),
(7007, '2017-10-11 09:00:00', 100, 32, 6),
(7008, '2017-10-18 09:00:00', 100, 32, 7),
(7009, '2017-10-25 09:00:00', 100, 32, 8),
(7010, '2017-11-01 09:00:00', 100, 32, 9),
(7011, '2017-11-08 09:00:00', 100, 32, 10),
(7012, '2017-11-15 09:00:00', 100, 32, 11),
(7013, '2017-11-22 09:00:00', 100, 32, 12),
(7014, '2017-11-29 09:00:00', 100, 32, 13),
(7015, '2017-12-06 09:00:00', 100, 32, 14),
(7016, '2017-12-13 09:00:00', 100, 32, 15),
(7017, '2017-12-20 09:00:00', 100, 32, 16),
(7018, '2017-12-27 09:00:00', 100, 32, 17),
(7019, '2018-01-03 09:00:00', 100, 32, 18),
(7020, '2018-01-10 09:00:00', 100, 32, 19),
(7021, '2018-01-17 09:00:00', 100, 32, 20),
(7022, '2018-01-24 09:00:00', 100, 32, 21),
(7023, '2018-01-31 09:00:00', 100, 32, 22),
(7024, '2018-02-07 09:00:00', 100, 32, 23),
(7025, '2018-02-14 09:00:00', 100, 32, 24),
(7026, '2018-02-21 09:00:00', 100, 32, 25),
(7027, '2018-02-28 09:00:00', 100, 32, 26),
(7028, '2018-03-07 09:00:00', 100, 32, 27),
(7029, '2018-03-14 09:00:00', 100, 32, 28),
(7030, '2018-03-21 09:00:00', 100, 32, 29),
(7031, '2018-03-28 09:00:00', 100, 32, 30),
(7032, '2018-04-04 09:00:00', 100, 32, 31),
(7033, '2018-04-11 09:00:00', 100, 32, 32),
(7034, '2018-04-18 09:00:00', 100, 32, 33),
(7035, '2018-04-25 09:00:00', 100, 32, 34),
(7036, '2018-05-02 09:00:00', 100, 32, 35),
(7037, '2018-05-09 09:00:00', 100, 32, 36),
(7038, '2018-05-16 09:00:00', 100, 32, 37),
(7039, '2018-05-23 09:00:00', 100, 32, 38),
(7040, '2018-05-30 09:00:00', 100, 32, 39),
(7041, '2018-06-06 09:00:00', 100, 32, 40),
(7042, '2017-09-06 10:00:00', 101, 33, 1),
(7043, '2017-09-13 10:00:00', 101, 33, 2),
(7044, '2017-09-20 10:00:00', 101, 33, 3),
(7045, '2017-09-27 10:00:00', 101, 33, 4),
(7046, '2017-10-04 10:00:00', 101, 33, 5),
(7047, '2017-10-11 10:00:00', 101, 33, 6),
(7048, '2017-10-18 10:00:00', 101, 33, 7),
(7049, '2017-10-25 10:00:00', 101, 33, 8),
(7050, '2017-11-01 10:00:00', 101, 33, 9),
(7051, '2017-11-08 10:00:00', 101, 33, 10),
(7052, '2017-11-15 10:00:00', 101, 33, 11),
(7053, '2017-11-22 10:00:00', 101, 33, 12),
(7054, '2017-11-29 10:00:00', 101, 33, 13),
(7055, '2017-12-06 10:00:00', 101, 33, 14),
(7056, '2017-12-13 10:00:00', 101, 33, 15),
(7057, '2017-12-20 10:00:00', 101, 33, 16),
(7058, '2017-12-27 10:00:00', 101, 33, 17),
(7059, '2018-01-03 10:00:00', 101, 33, 18),
(7060, '2018-01-10 10:00:00', 101, 33, 19),
(7061, '2018-01-17 10:00:00', 101, 33, 20),
(7062, '2018-01-24 10:00:00', 101, 33, 21),
(7063, '2018-01-31 10:00:00', 101, 33, 22),
(7064, '2018-02-07 10:00:00', 101, 33, 23),
(7065, '2018-02-14 10:00:00', 101, 33, 24),
(7066, '2018-02-21 10:00:00', 101, 33, 25),
(7067, '2018-02-28 10:00:00', 101, 33, 26),
(7068, '2018-03-07 10:00:00', 101, 33, 27),
(7069, '2018-03-14 10:00:00', 101, 33, 28),
(7070, '2018-03-21 10:00:00', 101, 33, 29),
(7071, '2018-03-28 10:00:00', 101, 33, 30),
(7072, '2018-04-04 10:00:00', 101, 33, 31),
(7073, '2018-04-11 10:00:00', 101, 33, 32),
(7074, '2018-04-18 10:00:00', 101, 33, 33),
(7075, '2018-04-25 10:00:00', 101, 33, 34),
(7076, '2018-05-02 10:00:00', 101, 33, 35),
(7077, '2018-05-09 10:00:00', 101, 33, 36),
(7078, '2018-05-16 10:00:00', 101, 33, 37),
(7079, '2018-05-23 10:00:00', 101, 33, 38),
(7080, '2018-05-30 10:00:00', 101, 33, 39),
(7081, '2018-06-06 10:00:00', 101, 33, 40),
(7082, '2017-09-06 11:00:00', 99, 34, 1),
(7083, '2017-09-13 11:00:00', 99, 34, 2),
(7084, '2017-09-20 11:00:00', 99, 34, 3),
(7085, '2017-09-27 11:00:00', 99, 34, 4),
(7086, '2017-10-04 11:00:00', 99, 34, 5),
(7087, '2017-10-11 11:00:00', 99, 34, 6),
(7088, '2017-10-18 11:00:00', 99, 34, 7),
(7089, '2017-10-25 11:00:00', 99, 34, 8),
(7090, '2017-11-01 11:00:00', 99, 34, 9),
(7091, '2017-11-08 11:00:00', 99, 34, 10),
(7092, '2017-11-15 11:00:00', 99, 34, 11),
(7093, '2017-11-22 11:00:00', 99, 34, 12),
(7094, '2017-11-29 11:00:00', 99, 34, 13),
(7095, '2017-12-06 11:00:00', 99, 34, 14),
(7096, '2017-12-13 11:00:00', 99, 34, 15),
(7097, '2017-12-20 11:00:00', 99, 34, 16),
(7098, '2017-12-27 11:00:00', 99, 34, 17),
(7099, '2018-01-03 11:00:00', 99, 34, 18),
(7100, '2018-01-10 11:00:00', 99, 34, 19),
(7101, '2018-01-17 11:00:00', 99, 34, 20),
(7102, '2018-01-24 11:00:00', 99, 34, 21),
(7103, '2018-01-31 11:00:00', 99, 34, 22),
(7104, '2018-02-07 11:00:00', 99, 34, 23),
(7105, '2018-02-14 11:00:00', 99, 34, 24),
(7106, '2018-02-21 11:00:00', 99, 34, 25),
(7107, '2018-02-28 11:00:00', 99, 34, 26),
(7108, '2018-03-07 11:00:00', 99, 34, 27),
(7109, '2018-03-14 11:00:00', 99, 34, 28),
(7110, '2018-03-21 11:00:00', 99, 34, 29),
(7111, '2018-03-28 11:00:00', 99, 34, 30),
(7112, '2018-04-04 11:00:00', 99, 34, 31),
(7113, '2018-04-11 11:00:00', 99, 34, 32),
(7114, '2018-04-18 11:00:00', 99, 34, 33),
(7115, '2018-04-25 11:00:00', 99, 34, 34),
(7116, '2018-05-02 11:00:00', 99, 34, 35),
(7117, '2018-05-09 11:00:00', 99, 34, 36),
(7118, '2018-05-16 11:00:00', 99, 34, 37),
(7119, '2018-05-23 11:00:00', 99, 34, 38),
(7120, '2018-05-30 11:00:00', 99, 34, 39),
(7121, '2018-06-06 11:00:00', 99, 34, 40),
(7122, '2017-09-07 09:00:00', 100, 42, 1),
(7123, '2017-09-14 09:00:00', 100, 42, 2),
(7124, '2017-09-21 09:00:00', 100, 42, 3),
(7125, '2017-09-28 09:00:00', 100, 42, 4),
(7126, '2017-10-05 09:00:00', 100, 42, 5),
(7127, '2017-10-12 09:00:00', 100, 42, 6),
(7128, '2017-10-19 09:00:00', 100, 42, 7),
(7129, '2017-10-26 09:00:00', 100, 42, 8),
(7130, '2017-11-02 09:00:00', 100, 42, 9),
(7131, '2017-11-09 09:00:00', 100, 42, 10),
(7132, '2017-11-16 09:00:00', 100, 42, 11),
(7133, '2017-11-23 09:00:00', 100, 42, 12),
(7134, '2017-11-30 09:00:00', 100, 42, 13),
(7135, '2017-12-07 09:00:00', 100, 42, 14),
(7136, '2017-12-14 09:00:00', 100, 42, 15),
(7137, '2017-12-21 09:00:00', 100, 42, 16),
(7138, '2017-12-28 09:00:00', 100, 42, 17),
(7139, '2018-01-04 09:00:00', 100, 42, 18),
(7140, '2018-01-11 09:00:00', 100, 42, 19),
(7141, '2018-01-18 09:00:00', 100, 42, 20),
(7142, '2018-01-25 09:00:00', 100, 42, 21),
(7143, '2018-02-01 09:00:00', 100, 42, 22),
(7144, '2018-02-08 09:00:00', 100, 42, 23),
(7145, '2018-02-15 09:00:00', 100, 42, 24),
(7146, '2018-02-22 09:00:00', 100, 42, 25),
(7147, '2018-03-01 09:00:00', 100, 42, 26),
(7148, '2018-03-08 09:00:00', 100, 42, 27),
(7149, '2018-03-15 09:00:00', 100, 42, 28),
(7150, '2018-03-22 09:00:00', 100, 42, 29),
(7151, '2018-03-29 09:00:00', 100, 42, 30),
(7152, '2018-04-05 09:00:00', 100, 42, 31),
(7153, '2018-04-12 09:00:00', 100, 42, 32),
(7154, '2018-04-19 09:00:00', 100, 42, 33),
(7155, '2018-04-26 09:00:00', 100, 42, 34),
(7156, '2018-05-03 09:00:00', 100, 42, 35),
(7157, '2018-05-10 09:00:00', 100, 42, 36),
(7158, '2018-05-17 09:00:00', 100, 42, 37),
(7159, '2018-05-24 09:00:00', 100, 42, 38),
(7160, '2018-05-31 09:00:00', 100, 42, 39),
(7161, '2018-06-07 09:00:00', 100, 42, 40),
(7162, '2017-09-07 10:00:00', 99, 43, 1),
(7163, '2017-09-14 10:00:00', 99, 43, 2),
(7164, '2017-09-21 10:00:00', 99, 43, 3),
(7165, '2017-09-28 10:00:00', 99, 43, 4),
(7166, '2017-10-05 10:00:00', 99, 43, 5),
(7167, '2017-10-12 10:00:00', 99, 43, 6),
(7168, '2017-10-19 10:00:00', 99, 43, 7),
(7169, '2017-10-26 10:00:00', 99, 43, 8),
(7170, '2017-11-02 10:00:00', 99, 43, 9),
(7171, '2017-11-09 10:00:00', 99, 43, 10),
(7172, '2017-11-16 10:00:00', 99, 43, 11),
(7173, '2017-11-23 10:00:00', 99, 43, 12),
(7174, '2017-11-30 10:00:00', 99, 43, 13),
(7175, '2017-12-07 10:00:00', 99, 43, 14),
(7176, '2017-12-14 10:00:00', 99, 43, 15),
(7177, '2017-12-21 10:00:00', 99, 43, 16),
(7178, '2017-12-28 10:00:00', 99, 43, 17),
(7179, '2018-01-04 10:00:00', 99, 43, 18),
(7180, '2018-01-11 10:00:00', 99, 43, 19),
(7181, '2018-01-18 10:00:00', 99, 43, 20),
(7182, '2018-01-25 10:00:00', 99, 43, 21),
(7183, '2018-02-01 10:00:00', 99, 43, 22),
(7184, '2018-02-08 10:00:00', 99, 43, 23),
(7185, '2018-02-15 10:00:00', 99, 43, 24),
(7186, '2018-02-22 10:00:00', 99, 43, 25),
(7187, '2018-03-01 10:00:00', 99, 43, 26),
(7188, '2018-03-08 10:00:00', 99, 43, 27),
(7189, '2018-03-15 10:00:00', 99, 43, 28),
(7190, '2018-03-22 10:00:00', 99, 43, 29),
(7191, '2018-03-29 10:00:00', 99, 43, 30),
(7192, '2018-04-05 10:00:00', 99, 43, 31),
(7193, '2018-04-12 10:00:00', 99, 43, 32),
(7194, '2018-04-19 10:00:00', 99, 43, 33),
(7195, '2018-04-26 10:00:00', 99, 43, 34),
(7196, '2018-05-03 10:00:00', 99, 43, 35),
(7197, '2018-05-10 10:00:00', 99, 43, 36),
(7198, '2018-05-17 10:00:00', 99, 43, 37),
(7199, '2018-05-24 10:00:00', 99, 43, 38),
(7200, '2018-05-31 10:00:00', 99, 43, 39),
(7201, '2018-06-07 10:00:00', 99, 43, 40),
(7202, '2017-09-07 14:00:00', 101, 45, 1),
(7203, '2017-09-14 14:00:00', 101, 45, 2),
(7204, '2017-09-21 14:00:00', 101, 45, 3),
(7205, '2017-09-28 14:00:00', 101, 45, 4),
(7206, '2017-10-05 14:00:00', 101, 45, 5),
(7207, '2017-10-12 14:00:00', 101, 45, 6),
(7208, '2017-10-19 14:00:00', 101, 45, 7),
(7209, '2017-10-26 14:00:00', 101, 45, 8),
(7210, '2017-11-02 14:00:00', 101, 45, 9),
(7211, '2017-11-09 14:00:00', 101, 45, 10),
(7212, '2017-11-16 14:00:00', 101, 45, 11),
(7213, '2017-11-23 14:00:00', 101, 45, 12),
(7214, '2017-11-30 14:00:00', 101, 45, 13),
(7215, '2017-12-07 14:00:00', 101, 45, 14),
(7216, '2017-12-14 14:00:00', 101, 45, 15),
(7217, '2017-12-21 14:00:00', 101, 45, 16),
(7218, '2017-12-28 14:00:00', 101, 45, 17),
(7219, '2018-01-04 14:00:00', 101, 45, 18),
(7220, '2018-01-11 14:00:00', 101, 45, 19),
(7221, '2018-01-18 14:00:00', 101, 45, 20),
(7222, '2018-01-25 14:00:00', 101, 45, 21),
(7223, '2018-02-01 14:00:00', 101, 45, 22),
(7224, '2018-02-08 14:00:00', 101, 45, 23),
(7225, '2018-02-15 14:00:00', 101, 45, 24),
(7226, '2018-02-22 14:00:00', 101, 45, 25),
(7227, '2018-03-01 14:00:00', 101, 45, 26),
(7228, '2018-03-08 14:00:00', 101, 45, 27),
(7229, '2018-03-15 14:00:00', 101, 45, 28),
(7230, '2018-03-22 14:00:00', 101, 45, 29),
(7231, '2018-03-29 14:00:00', 101, 45, 30),
(7232, '2018-04-05 14:00:00', 101, 45, 31),
(7233, '2018-04-12 14:00:00', 101, 45, 32),
(7234, '2018-04-19 14:00:00', 101, 45, 33),
(7235, '2018-04-26 14:00:00', 101, 45, 34),
(7236, '2018-05-03 14:00:00', 101, 45, 35),
(7237, '2018-05-10 14:00:00', 101, 45, 36),
(7238, '2018-05-17 14:00:00', 101, 45, 37),
(7239, '2018-05-24 14:00:00', 101, 45, 38),
(7240, '2018-05-31 14:00:00', 101, 45, 39),
(7241, '2018-06-07 14:00:00', 101, 45, 40),
(7242, '2017-09-07 15:00:00', 102, 46, 1),
(7243, '2017-09-14 15:00:00', 102, 46, 2),
(7244, '2017-09-21 15:00:00', 102, 46, 3),
(7245, '2017-09-28 15:00:00', 102, 46, 4),
(7246, '2017-10-05 15:00:00', 102, 46, 5),
(7247, '2017-10-12 15:00:00', 102, 46, 6),
(7248, '2017-10-19 15:00:00', 102, 46, 7),
(7249, '2017-10-26 15:00:00', 102, 46, 8),
(7250, '2017-11-02 15:00:00', 102, 46, 9),
(7251, '2017-11-09 15:00:00', 102, 46, 10),
(7252, '2017-11-16 15:00:00', 102, 46, 11),
(7253, '2017-11-23 15:00:00', 102, 46, 12),
(7254, '2017-11-30 15:00:00', 102, 46, 13),
(7255, '2017-12-07 15:00:00', 102, 46, 14),
(7256, '2017-12-14 15:00:00', 102, 46, 15),
(7257, '2017-12-21 15:00:00', 102, 46, 16),
(7258, '2017-12-28 15:00:00', 102, 46, 17),
(7259, '2018-01-04 15:00:00', 102, 46, 18),
(7260, '2018-01-11 15:00:00', 102, 46, 19),
(7261, '2018-01-18 15:00:00', 102, 46, 20),
(7262, '2018-01-25 15:00:00', 102, 46, 21),
(7263, '2018-02-01 15:00:00', 102, 46, 22),
(7264, '2018-02-08 15:00:00', 102, 46, 23),
(7265, '2018-02-15 15:00:00', 102, 46, 24),
(7266, '2018-02-22 15:00:00', 102, 46, 25),
(7267, '2018-03-01 15:00:00', 102, 46, 26),
(7268, '2018-03-08 15:00:00', 102, 46, 27),
(7269, '2018-03-15 15:00:00', 102, 46, 28),
(7270, '2018-03-22 15:00:00', 102, 46, 29),
(7271, '2018-03-29 15:00:00', 102, 46, 30),
(7272, '2018-04-05 15:00:00', 102, 46, 31),
(7273, '2018-04-12 15:00:00', 102, 46, 32),
(7274, '2018-04-19 15:00:00', 102, 46, 33),
(7275, '2018-04-26 15:00:00', 102, 46, 34),
(7276, '2018-05-03 15:00:00', 102, 46, 35),
(7277, '2018-05-10 15:00:00', 102, 46, 36),
(7278, '2018-05-17 15:00:00', 102, 46, 37),
(7279, '2018-05-24 15:00:00', 102, 46, 38),
(7280, '2018-05-31 15:00:00', 102, 46, 39),
(7281, '2018-06-07 15:00:00', 102, 46, 40),
(7282, '2017-09-07 16:00:00', 99, 47, 1),
(7283, '2017-09-14 16:00:00', 99, 47, 2),
(7284, '2017-09-21 16:00:00', 99, 47, 3),
(7285, '2017-09-28 16:00:00', 99, 47, 4),
(7286, '2017-10-05 16:00:00', 99, 47, 5),
(7287, '2017-10-12 16:00:00', 99, 47, 6),
(7288, '2017-10-19 16:00:00', 99, 47, 7),
(7289, '2017-10-26 16:00:00', 99, 47, 8),
(7290, '2017-11-02 16:00:00', 99, 47, 9),
(7291, '2017-11-09 16:00:00', 99, 47, 10),
(7292, '2017-11-16 16:00:00', 99, 47, 11),
(7293, '2017-11-23 16:00:00', 99, 47, 12),
(7294, '2017-11-30 16:00:00', 99, 47, 13),
(7295, '2017-12-07 16:00:00', 99, 47, 14),
(7296, '2017-12-14 16:00:00', 99, 47, 15),
(7297, '2017-12-21 16:00:00', 99, 47, 16),
(7298, '2017-12-28 16:00:00', 99, 47, 17),
(7299, '2018-01-04 16:00:00', 99, 47, 18),
(7300, '2018-01-11 16:00:00', 99, 47, 19),
(7301, '2018-01-18 16:00:00', 99, 47, 20),
(7302, '2018-01-25 16:00:00', 99, 47, 21),
(7303, '2018-02-01 16:00:00', 99, 47, 22),
(7304, '2018-02-08 16:00:00', 99, 47, 23),
(7305, '2018-02-15 16:00:00', 99, 47, 24),
(7306, '2018-02-22 16:00:00', 99, 47, 25),
(7307, '2018-03-01 16:00:00', 99, 47, 26),
(7308, '2018-03-08 16:00:00', 99, 47, 27),
(7309, '2018-03-15 16:00:00', 99, 47, 28),
(7310, '2018-03-22 16:00:00', 99, 47, 29),
(7311, '2018-03-29 16:00:00', 99, 47, 30),
(7312, '2018-04-05 16:00:00', 99, 47, 31),
(7313, '2018-04-12 16:00:00', 99, 47, 32),
(7314, '2018-04-19 16:00:00', 99, 47, 33),
(7315, '2018-04-26 16:00:00', 99, 47, 34),
(7316, '2018-05-03 16:00:00', 99, 47, 35),
(7317, '2018-05-10 16:00:00', 99, 47, 36),
(7318, '2018-05-17 16:00:00', 99, 47, 37),
(7319, '2018-05-24 16:00:00', 99, 47, 38),
(7320, '2018-05-31 16:00:00', 99, 47, 39),
(7321, '2018-06-07 16:00:00', 99, 47, 40),
(8202, '2017-09-04 08:00:00', 48, 11, 1),
(8203, '2017-09-11 08:00:00', 48, 11, 2),
(8204, '2017-09-18 08:00:00', 48, 11, 3),
(8205, '2017-09-25 08:00:00', 48, 11, 4),
(8206, '2017-10-02 08:00:00', 48, 11, 5),
(8207, '2017-10-09 08:00:00', 48, 11, 6),
(8208, '2017-10-16 08:00:00', 48, 11, 7),
(8209, '2017-10-23 08:00:00', 48, 11, 8),
(8210, '2017-10-30 08:00:00', 48, 11, 9),
(8211, '2017-11-06 08:00:00', 48, 11, 10),
(8212, '2017-11-13 08:00:00', 48, 11, 11),
(8213, '2017-11-20 08:00:00', 48, 11, 12),
(8214, '2017-11-27 08:00:00', 48, 11, 13),
(8215, '2017-12-04 08:00:00', 48, 11, 14),
(8216, '2017-12-11 08:00:00', 48, 11, 15),
(8217, '2017-12-18 08:00:00', 48, 11, 16),
(8218, '2017-12-25 08:00:00', 48, 11, 17),
(8219, '2018-01-01 08:00:00', 48, 11, 18),
(8220, '2018-01-08 08:00:00', 48, 11, 19),
(8221, '2018-01-15 08:00:00', 48, 11, 20),
(8222, '2018-01-22 08:00:00', 48, 11, 21),
(8223, '2018-01-29 08:00:00', 48, 11, 22),
(8224, '2018-02-05 08:00:00', 48, 11, 23),
(8225, '2018-02-12 08:00:00', 48, 11, 24),
(8226, '2018-02-19 08:00:00', 48, 11, 25),
(8227, '2018-02-26 08:00:00', 48, 11, 26),
(8228, '2018-03-05 08:00:00', 48, 11, 27),
(8229, '2018-03-12 08:00:00', 48, 11, 28),
(8230, '2018-03-19 08:00:00', 48, 11, 29),
(8231, '2018-03-26 08:00:00', 48, 11, 30),
(8232, '2018-04-02 08:00:00', 48, 11, 31),
(8233, '2018-04-09 08:00:00', 48, 11, 32),
(8234, '2018-04-16 08:00:00', 48, 11, 33),
(8235, '2018-04-23 08:00:00', 48, 11, 34),
(8236, '2018-04-30 08:00:00', 48, 11, 35),
(8237, '2018-05-07 08:00:00', 48, 11, 36),
(8238, '2018-05-14 08:00:00', 48, 11, 37),
(8239, '2018-05-21 08:00:00', 48, 11, 38),
(8240, '2018-05-28 08:00:00', 48, 11, 39),
(8241, '2018-06-04 08:00:00', 48, 11, 40),
(8242, '2017-09-04 09:00:00', 48, 12, 1),
(8243, '2017-09-11 09:00:00', 48, 12, 2),
(8244, '2017-09-18 09:00:00', 48, 12, 3),
(8245, '2017-09-25 09:00:00', 48, 12, 4),
(8246, '2017-10-02 09:00:00', 48, 12, 5),
(8247, '2017-10-09 09:00:00', 48, 12, 6),
(8248, '2017-10-16 09:00:00', 48, 12, 7),
(8249, '2017-10-23 09:00:00', 48, 12, 8),
(8250, '2017-10-30 09:00:00', 48, 12, 9),
(8251, '2017-11-06 09:00:00', 48, 12, 10),
(8252, '2017-11-13 09:00:00', 48, 12, 11),
(8253, '2017-11-20 09:00:00', 48, 12, 12),
(8254, '2017-11-27 09:00:00', 48, 12, 13),
(8255, '2017-12-04 09:00:00', 48, 12, 14),
(8256, '2017-12-11 09:00:00', 48, 12, 15),
(8257, '2017-12-18 09:00:00', 48, 12, 16),
(8258, '2017-12-25 09:00:00', 48, 12, 17),
(8259, '2018-01-01 09:00:00', 48, 12, 18),
(8260, '2018-01-08 09:00:00', 48, 12, 19),
(8261, '2018-01-15 09:00:00', 48, 12, 20),
(8262, '2018-01-22 09:00:00', 48, 12, 21),
(8263, '2018-01-29 09:00:00', 48, 12, 22),
(8264, '2018-02-05 09:00:00', 48, 12, 23),
(8265, '2018-02-12 09:00:00', 48, 12, 24),
(8266, '2018-02-19 09:00:00', 48, 12, 25),
(8267, '2018-02-26 09:00:00', 48, 12, 26),
(8268, '2018-03-05 09:00:00', 48, 12, 27),
(8269, '2018-03-12 09:00:00', 48, 12, 28),
(8270, '2018-03-19 09:00:00', 48, 12, 29),
(8271, '2018-03-26 09:00:00', 48, 12, 30),
(8272, '2018-04-02 09:00:00', 48, 12, 31),
(8273, '2018-04-09 09:00:00', 48, 12, 32),
(8274, '2018-04-16 09:00:00', 48, 12, 33),
(8275, '2018-04-23 09:00:00', 48, 12, 34),
(8276, '2018-04-30 09:00:00', 48, 12, 35),
(8277, '2018-05-07 09:00:00', 48, 12, 36),
(8278, '2018-05-14 09:00:00', 48, 12, 37),
(8279, '2018-05-21 09:00:00', 48, 12, 38),
(8280, '2018-05-28 09:00:00', 48, 12, 39),
(8281, '2018-06-04 09:00:00', 48, 12, 40),
(8282, '2017-09-04 10:00:00', 48, 13, 1),
(8283, '2017-09-11 10:00:00', 48, 13, 2),
(8284, '2017-09-18 10:00:00', 48, 13, 3),
(8285, '2017-09-25 10:00:00', 48, 13, 4),
(8286, '2017-10-02 10:00:00', 48, 13, 5),
(8287, '2017-10-09 10:00:00', 48, 13, 6),
(8288, '2017-10-16 10:00:00', 48, 13, 7),
(8289, '2017-10-23 10:00:00', 48, 13, 8),
(8290, '2017-10-30 10:00:00', 48, 13, 9),
(8291, '2017-11-06 10:00:00', 48, 13, 10),
(8292, '2017-11-13 10:00:00', 48, 13, 11),
(8293, '2017-11-20 10:00:00', 48, 13, 12),
(8294, '2017-11-27 10:00:00', 48, 13, 13),
(8295, '2017-12-04 10:00:00', 48, 13, 14),
(8296, '2017-12-11 10:00:00', 48, 13, 15),
(8297, '2017-12-18 10:00:00', 48, 13, 16),
(8298, '2017-12-25 10:00:00', 48, 13, 17),
(8299, '2018-01-01 10:00:00', 48, 13, 18),
(8300, '2018-01-08 10:00:00', 48, 13, 19),
(8301, '2018-01-15 10:00:00', 48, 13, 20),
(8302, '2018-01-22 10:00:00', 48, 13, 21),
(8303, '2018-01-29 10:00:00', 48, 13, 22),
(8304, '2018-02-05 10:00:00', 48, 13, 23),
(8305, '2018-02-12 10:00:00', 48, 13, 24),
(8306, '2018-02-19 10:00:00', 48, 13, 25),
(8307, '2018-02-26 10:00:00', 48, 13, 26),
(8308, '2018-03-05 10:00:00', 48, 13, 27),
(8309, '2018-03-12 10:00:00', 48, 13, 28),
(8310, '2018-03-19 10:00:00', 48, 13, 29),
(8311, '2018-03-26 10:00:00', 48, 13, 30),
(8312, '2018-04-02 10:00:00', 48, 13, 31),
(8313, '2018-04-09 10:00:00', 48, 13, 32),
(8314, '2018-04-16 10:00:00', 48, 13, 33),
(8315, '2018-04-23 10:00:00', 48, 13, 34),
(8316, '2018-04-30 10:00:00', 48, 13, 35),
(8317, '2018-05-07 10:00:00', 48, 13, 36),
(8318, '2018-05-14 10:00:00', 48, 13, 37),
(8319, '2018-05-21 10:00:00', 48, 13, 38),
(8320, '2018-05-28 10:00:00', 48, 13, 39),
(8321, '2018-06-04 10:00:00', 48, 13, 40),
(8402, '2017-09-05 08:00:00', 49, 21, 1),
(8403, '2017-09-12 08:00:00', 49, 21, 2),
(8404, '2017-09-19 08:00:00', 49, 21, 3),
(8405, '2017-09-26 08:00:00', 49, 21, 4),
(8406, '2017-10-03 08:00:00', 49, 21, 5),
(8407, '2017-10-10 08:00:00', 49, 21, 6),
(8408, '2017-10-17 08:00:00', 49, 21, 7),
(8409, '2017-10-24 08:00:00', 49, 21, 8),
(8410, '2017-10-31 08:00:00', 49, 21, 9),
(8411, '2017-11-07 08:00:00', 49, 21, 10),
(8412, '2017-11-14 08:00:00', 49, 21, 11),
(8413, '2017-11-21 08:00:00', 49, 21, 12),
(8414, '2017-11-28 08:00:00', 49, 21, 13),
(8415, '2017-12-05 08:00:00', 49, 21, 14),
(8416, '2017-12-12 08:00:00', 49, 21, 15),
(8417, '2017-12-19 08:00:00', 49, 21, 16),
(8418, '2017-12-26 08:00:00', 49, 21, 17),
(8419, '2018-01-02 08:00:00', 49, 21, 18),
(8420, '2018-01-09 08:00:00', 49, 21, 19),
(8421, '2018-01-16 08:00:00', 49, 21, 20),
(8422, '2018-01-23 08:00:00', 49, 21, 21),
(8423, '2018-01-30 08:00:00', 49, 21, 22),
(8424, '2018-02-06 08:00:00', 49, 21, 23),
(8425, '2018-02-13 08:00:00', 49, 21, 24),
(8426, '2018-02-20 08:00:00', 49, 21, 25),
(8427, '2018-02-27 08:00:00', 49, 21, 26),
(8428, '2018-03-06 08:00:00', 49, 21, 27),
(8429, '2018-03-13 08:00:00', 49, 21, 28),
(8430, '2018-03-20 08:00:00', 49, 21, 29),
(8431, '2018-03-27 08:00:00', 49, 21, 30),
(8432, '2018-04-03 08:00:00', 49, 21, 31),
(8433, '2018-04-10 08:00:00', 49, 21, 32),
(8434, '2018-04-17 08:00:00', 49, 21, 33),
(8435, '2018-04-24 08:00:00', 49, 21, 34),
(8436, '2018-05-01 08:00:00', 49, 21, 35),
(8437, '2018-05-08 08:00:00', 49, 21, 36),
(8438, '2018-05-15 08:00:00', 49, 21, 37),
(8439, '2018-05-22 08:00:00', 49, 21, 38),
(8440, '2018-05-29 08:00:00', 49, 21, 39),
(8441, '2018-06-05 08:00:00', 49, 21, 40),
(8442, '2017-09-05 09:00:00', 49, 22, 1),
(8443, '2017-09-12 09:00:00', 49, 22, 2),
(8444, '2017-09-19 09:00:00', 49, 22, 3),
(8445, '2017-09-26 09:00:00', 49, 22, 4),
(8446, '2017-10-03 09:00:00', 49, 22, 5),
(8447, '2017-10-10 09:00:00', 49, 22, 6),
(8448, '2017-10-17 09:00:00', 49, 22, 7),
(8449, '2017-10-24 09:00:00', 49, 22, 8),
(8450, '2017-10-31 09:00:00', 49, 22, 9),
(8451, '2017-11-07 09:00:00', 49, 22, 10),
(8452, '2017-11-14 09:00:00', 49, 22, 11),
(8453, '2017-11-21 09:00:00', 49, 22, 12),
(8454, '2017-11-28 09:00:00', 49, 22, 13),
(8455, '2017-12-05 09:00:00', 49, 22, 14),
(8456, '2017-12-12 09:00:00', 49, 22, 15),
(8457, '2017-12-19 09:00:00', 49, 22, 16),
(8458, '2017-12-26 09:00:00', 49, 22, 17),
(8459, '2018-01-02 09:00:00', 49, 22, 18),
(8460, '2018-01-09 09:00:00', 49, 22, 19),
(8461, '2018-01-16 09:00:00', 49, 22, 20),
(8462, '2018-01-23 09:00:00', 49, 22, 21),
(8463, '2018-01-30 09:00:00', 49, 22, 22),
(8464, '2018-02-06 09:00:00', 49, 22, 23),
(8465, '2018-02-13 09:00:00', 49, 22, 24),
(8466, '2018-02-20 09:00:00', 49, 22, 25),
(8467, '2018-02-27 09:00:00', 49, 22, 26),
(8468, '2018-03-06 09:00:00', 49, 22, 27),
(8469, '2018-03-13 09:00:00', 49, 22, 28),
(8470, '2018-03-20 09:00:00', 49, 22, 29),
(8471, '2018-03-27 09:00:00', 49, 22, 30),
(8472, '2018-04-03 09:00:00', 49, 22, 31),
(8473, '2018-04-10 09:00:00', 49, 22, 32),
(8474, '2018-04-17 09:00:00', 49, 22, 33),
(8475, '2018-04-24 09:00:00', 49, 22, 34),
(8476, '2018-05-01 09:00:00', 49, 22, 35),
(8477, '2018-05-08 09:00:00', 49, 22, 36),
(8478, '2018-05-15 09:00:00', 49, 22, 37),
(8479, '2018-05-22 09:00:00', 49, 22, 38),
(8480, '2018-05-29 09:00:00', 49, 22, 39),
(8481, '2018-06-05 09:00:00', 49, 22, 40),
(8482, '2017-09-05 10:00:00', 49, 23, 1),
(8483, '2017-09-12 10:00:00', 49, 23, 2),
(8484, '2017-09-19 10:00:00', 49, 23, 3),
(8485, '2017-09-26 10:00:00', 49, 23, 4),
(8486, '2017-10-03 10:00:00', 49, 23, 5),
(8487, '2017-10-10 10:00:00', 49, 23, 6),
(8488, '2017-10-17 10:00:00', 49, 23, 7),
(8489, '2017-10-24 10:00:00', 49, 23, 8),
(8490, '2017-10-31 10:00:00', 49, 23, 9),
(8491, '2017-11-07 10:00:00', 49, 23, 10),
(8492, '2017-11-14 10:00:00', 49, 23, 11),
(8493, '2017-11-21 10:00:00', 49, 23, 12),
(8494, '2017-11-28 10:00:00', 49, 23, 13),
(8495, '2017-12-05 10:00:00', 49, 23, 14),
(8496, '2017-12-12 10:00:00', 49, 23, 15),
(8497, '2017-12-19 10:00:00', 49, 23, 16),
(8498, '2017-12-26 10:00:00', 49, 23, 17),
(8499, '2018-01-02 10:00:00', 49, 23, 18),
(8500, '2018-01-09 10:00:00', 49, 23, 19),
(8501, '2018-01-16 10:00:00', 49, 23, 20),
(8502, '2018-01-23 10:00:00', 49, 23, 21),
(8503, '2018-01-30 10:00:00', 49, 23, 22),
(8504, '2018-02-06 10:00:00', 49, 23, 23),
(8505, '2018-02-13 10:00:00', 49, 23, 24),
(8506, '2018-02-20 10:00:00', 49, 23, 25),
(8507, '2018-02-27 10:00:00', 49, 23, 26),
(8508, '2018-03-06 10:00:00', 49, 23, 27),
(8509, '2018-03-13 10:00:00', 49, 23, 28),
(8510, '2018-03-20 10:00:00', 49, 23, 29),
(8511, '2018-03-27 10:00:00', 49, 23, 30),
(8512, '2018-04-03 10:00:00', 49, 23, 31),
(8513, '2018-04-10 10:00:00', 49, 23, 32),
(8514, '2018-04-17 10:00:00', 49, 23, 33),
(8515, '2018-04-24 10:00:00', 49, 23, 34),
(8516, '2018-05-01 10:00:00', 49, 23, 35),
(8517, '2018-05-08 10:00:00', 49, 23, 36),
(8518, '2018-05-15 10:00:00', 49, 23, 37),
(8519, '2018-05-22 10:00:00', 49, 23, 38),
(8520, '2018-05-29 10:00:00', 49, 23, 39),
(8521, '2018-06-05 10:00:00', 49, 23, 40),
(8522, '2017-09-06 08:00:00', 50, 31, 1),
(8523, '2017-09-13 08:00:00', 50, 31, 2),
(8524, '2017-09-20 08:00:00', 50, 31, 3),
(8525, '2017-09-27 08:00:00', 50, 31, 4),
(8526, '2017-10-04 08:00:00', 50, 31, 5),
(8527, '2017-10-11 08:00:00', 50, 31, 6),
(8528, '2017-10-18 08:00:00', 50, 31, 7),
(8529, '2017-10-25 08:00:00', 50, 31, 8),
(8530, '2017-11-01 08:00:00', 50, 31, 9),
(8531, '2017-11-08 08:00:00', 50, 31, 10),
(8532, '2017-11-15 08:00:00', 50, 31, 11),
(8533, '2017-11-22 08:00:00', 50, 31, 12),
(8534, '2017-11-29 08:00:00', 50, 31, 13),
(8535, '2017-12-06 08:00:00', 50, 31, 14),
(8536, '2017-12-13 08:00:00', 50, 31, 15),
(8537, '2017-12-20 08:00:00', 50, 31, 16),
(8538, '2017-12-27 08:00:00', 50, 31, 17),
(8539, '2018-01-03 08:00:00', 50, 31, 18),
(8540, '2018-01-10 08:00:00', 50, 31, 19),
(8541, '2018-01-17 08:00:00', 50, 31, 20),
(8542, '2018-01-24 08:00:00', 50, 31, 21),
(8543, '2018-01-31 08:00:00', 50, 31, 22),
(8544, '2018-02-07 08:00:00', 50, 31, 23),
(8545, '2018-02-14 08:00:00', 50, 31, 24),
(8546, '2018-02-21 08:00:00', 50, 31, 25),
(8547, '2018-02-28 08:00:00', 50, 31, 26),
(8548, '2018-03-07 08:00:00', 50, 31, 27),
(8549, '2018-03-14 08:00:00', 50, 31, 28),
(8550, '2018-03-21 08:00:00', 50, 31, 29),
(8551, '2018-03-28 08:00:00', 50, 31, 30),
(8552, '2018-04-04 08:00:00', 50, 31, 31),
(8553, '2018-04-11 08:00:00', 50, 31, 32),
(8554, '2018-04-18 08:00:00', 50, 31, 33),
(8555, '2018-04-25 08:00:00', 50, 31, 34),
(8556, '2018-05-02 08:00:00', 50, 31, 35),
(8557, '2018-05-09 08:00:00', 50, 31, 36),
(8558, '2018-05-16 08:00:00', 50, 31, 37),
(8559, '2018-05-23 08:00:00', 50, 31, 38),
(8560, '2018-05-30 08:00:00', 50, 31, 39),
(8561, '2018-06-06 08:00:00', 50, 31, 40),
(8562, '2017-09-06 09:00:00', 50, 32, 1),
(8563, '2017-09-13 09:00:00', 50, 32, 2),
(8564, '2017-09-20 09:00:00', 50, 32, 3),
(8565, '2017-09-27 09:00:00', 50, 32, 4),
(8566, '2017-10-04 09:00:00', 50, 32, 5),
(8567, '2017-10-11 09:00:00', 50, 32, 6);
INSERT INTO `agnez_edt_heure` (`id`, `dateDebut`, `classe_id`, `numHeure`, `numSem`) VALUES
(8568, '2017-10-18 09:00:00', 50, 32, 7),
(8569, '2017-10-25 09:00:00', 50, 32, 8),
(8570, '2017-11-01 09:00:00', 50, 32, 9),
(8571, '2017-11-08 09:00:00', 50, 32, 10),
(8572, '2017-11-15 09:00:00', 50, 32, 11),
(8573, '2017-11-22 09:00:00', 50, 32, 12),
(8574, '2017-11-29 09:00:00', 50, 32, 13),
(8575, '2017-12-06 09:00:00', 50, 32, 14),
(8576, '2017-12-13 09:00:00', 50, 32, 15),
(8577, '2017-12-20 09:00:00', 50, 32, 16),
(8578, '2017-12-27 09:00:00', 50, 32, 17),
(8579, '2018-01-03 09:00:00', 50, 32, 18),
(8580, '2018-01-10 09:00:00', 50, 32, 19),
(8581, '2018-01-17 09:00:00', 50, 32, 20),
(8582, '2018-01-24 09:00:00', 50, 32, 21),
(8583, '2018-01-31 09:00:00', 50, 32, 22),
(8584, '2018-02-07 09:00:00', 50, 32, 23),
(8585, '2018-02-14 09:00:00', 50, 32, 24),
(8586, '2018-02-21 09:00:00', 50, 32, 25),
(8587, '2018-02-28 09:00:00', 50, 32, 26),
(8588, '2018-03-07 09:00:00', 50, 32, 27),
(8589, '2018-03-14 09:00:00', 50, 32, 28),
(8590, '2018-03-21 09:00:00', 50, 32, 29),
(8591, '2018-03-28 09:00:00', 50, 32, 30),
(8592, '2018-04-04 09:00:00', 50, 32, 31),
(8593, '2018-04-11 09:00:00', 50, 32, 32),
(8594, '2018-04-18 09:00:00', 50, 32, 33),
(8595, '2018-04-25 09:00:00', 50, 32, 34),
(8596, '2018-05-02 09:00:00', 50, 32, 35),
(8597, '2018-05-09 09:00:00', 50, 32, 36),
(8598, '2018-05-16 09:00:00', 50, 32, 37),
(8599, '2018-05-23 09:00:00', 50, 32, 38),
(8600, '2018-05-30 09:00:00', 50, 32, 39),
(8601, '2018-06-06 09:00:00', 50, 32, 40),
(8602, '2017-09-06 10:00:00', 50, 33, 1),
(8603, '2017-09-13 10:00:00', 50, 33, 2),
(8604, '2017-09-20 10:00:00', 50, 33, 3),
(8605, '2017-09-27 10:00:00', 50, 33, 4),
(8606, '2017-10-04 10:00:00', 50, 33, 5),
(8607, '2017-10-11 10:00:00', 50, 33, 6),
(8608, '2017-10-18 10:00:00', 50, 33, 7),
(8609, '2017-10-25 10:00:00', 50, 33, 8),
(8610, '2017-11-01 10:00:00', 50, 33, 9),
(8611, '2017-11-08 10:00:00', 50, 33, 10),
(8612, '2017-11-15 10:00:00', 50, 33, 11),
(8613, '2017-11-22 10:00:00', 50, 33, 12),
(8614, '2017-11-29 10:00:00', 50, 33, 13),
(8615, '2017-12-06 10:00:00', 50, 33, 14),
(8616, '2017-12-13 10:00:00', 50, 33, 15),
(8617, '2017-12-20 10:00:00', 50, 33, 16),
(8618, '2017-12-27 10:00:00', 50, 33, 17),
(8619, '2018-01-03 10:00:00', 50, 33, 18),
(8620, '2018-01-10 10:00:00', 50, 33, 19),
(8621, '2018-01-17 10:00:00', 50, 33, 20),
(8622, '2018-01-24 10:00:00', 50, 33, 21),
(8623, '2018-01-31 10:00:00', 50, 33, 22),
(8624, '2018-02-07 10:00:00', 50, 33, 23),
(8625, '2018-02-14 10:00:00', 50, 33, 24),
(8626, '2018-02-21 10:00:00', 50, 33, 25),
(8627, '2018-02-28 10:00:00', 50, 33, 26),
(8628, '2018-03-07 10:00:00', 50, 33, 27),
(8629, '2018-03-14 10:00:00', 50, 33, 28),
(8630, '2018-03-21 10:00:00', 50, 33, 29),
(8631, '2018-03-28 10:00:00', 50, 33, 30),
(8632, '2018-04-04 10:00:00', 50, 33, 31),
(8633, '2018-04-11 10:00:00', 50, 33, 32),
(8634, '2018-04-18 10:00:00', 50, 33, 33),
(8635, '2018-04-25 10:00:00', 50, 33, 34),
(8636, '2018-05-02 10:00:00', 50, 33, 35),
(8637, '2018-05-09 10:00:00', 50, 33, 36),
(8638, '2018-05-16 10:00:00', 50, 33, 37),
(8639, '2018-05-23 10:00:00', 50, 33, 38),
(8640, '2018-05-30 10:00:00', 50, 33, 39),
(8641, '2018-06-06 10:00:00', 50, 33, 40),
(8642, '2017-09-06 14:00:00', 48, 35, 1),
(8643, '2017-09-13 14:00:00', 48, 35, 2),
(8644, '2017-09-20 14:00:00', 48, 35, 3),
(8645, '2017-09-27 14:00:00', 48, 35, 4),
(8646, '2017-10-04 14:00:00', 48, 35, 5),
(8647, '2017-10-11 14:00:00', 48, 35, 6),
(8648, '2017-10-18 14:00:00', 48, 35, 7),
(8649, '2017-10-25 14:00:00', 48, 35, 8),
(8650, '2017-11-01 14:00:00', 48, 35, 9),
(8651, '2017-11-08 14:00:00', 48, 35, 10),
(8652, '2017-11-15 14:00:00', 48, 35, 11),
(8653, '2017-11-22 14:00:00', 48, 35, 12),
(8654, '2017-11-29 14:00:00', 48, 35, 13),
(8655, '2017-12-06 14:00:00', 48, 35, 14),
(8656, '2017-12-13 14:00:00', 48, 35, 15),
(8657, '2017-12-20 14:00:00', 48, 35, 16),
(8658, '2017-12-27 14:00:00', 48, 35, 17),
(8659, '2018-01-03 14:00:00', 48, 35, 18),
(8660, '2018-01-10 14:00:00', 48, 35, 19),
(8661, '2018-01-17 14:00:00', 48, 35, 20),
(8662, '2018-01-24 14:00:00', 48, 35, 21),
(8663, '2018-01-31 14:00:00', 48, 35, 22),
(8664, '2018-02-07 14:00:00', 48, 35, 23),
(8665, '2018-02-14 14:00:00', 48, 35, 24),
(8666, '2018-02-21 14:00:00', 48, 35, 25),
(8667, '2018-02-28 14:00:00', 48, 35, 26),
(8668, '2018-03-07 14:00:00', 48, 35, 27),
(8669, '2018-03-14 14:00:00', 48, 35, 28),
(8670, '2018-03-21 14:00:00', 48, 35, 29),
(8671, '2018-03-28 14:00:00', 48, 35, 30),
(8672, '2018-04-04 14:00:00', 48, 35, 31),
(8673, '2018-04-11 14:00:00', 48, 35, 32),
(8674, '2018-04-18 14:00:00', 48, 35, 33),
(8675, '2018-04-25 14:00:00', 48, 35, 34),
(8676, '2018-05-02 14:00:00', 48, 35, 35),
(8677, '2018-05-09 14:00:00', 48, 35, 36),
(8678, '2018-05-16 14:00:00', 48, 35, 37),
(8679, '2018-05-23 14:00:00', 48, 35, 38),
(8680, '2018-05-30 14:00:00', 48, 35, 39),
(8681, '2018-06-06 14:00:00', 48, 35, 40),
(8682, '2017-09-06 15:00:00', 49, 36, 1),
(8683, '2017-09-13 15:00:00', 49, 36, 2),
(8684, '2017-09-20 15:00:00', 49, 36, 3),
(8685, '2017-09-27 15:00:00', 49, 36, 4),
(8686, '2017-10-04 15:00:00', 49, 36, 5),
(8687, '2017-10-11 15:00:00', 49, 36, 6),
(8688, '2017-10-18 15:00:00', 49, 36, 7),
(8689, '2017-10-25 15:00:00', 49, 36, 8),
(8690, '2017-11-01 15:00:00', 49, 36, 9),
(8691, '2017-11-08 15:00:00', 49, 36, 10),
(8692, '2017-11-15 15:00:00', 49, 36, 11),
(8693, '2017-11-22 15:00:00', 49, 36, 12),
(8694, '2017-11-29 15:00:00', 49, 36, 13),
(8695, '2017-12-06 15:00:00', 49, 36, 14),
(8696, '2017-12-13 15:00:00', 49, 36, 15),
(8697, '2017-12-20 15:00:00', 49, 36, 16),
(8698, '2017-12-27 15:00:00', 49, 36, 17),
(8699, '2018-01-03 15:00:00', 49, 36, 18),
(8700, '2018-01-10 15:00:00', 49, 36, 19),
(8701, '2018-01-17 15:00:00', 49, 36, 20),
(8702, '2018-01-24 15:00:00', 49, 36, 21),
(8703, '2018-01-31 15:00:00', 49, 36, 22),
(8704, '2018-02-07 15:00:00', 49, 36, 23),
(8705, '2018-02-14 15:00:00', 49, 36, 24),
(8706, '2018-02-21 15:00:00', 49, 36, 25),
(8707, '2018-02-28 15:00:00', 49, 36, 26),
(8708, '2018-03-07 15:00:00', 49, 36, 27),
(8709, '2018-03-14 15:00:00', 49, 36, 28),
(8710, '2018-03-21 15:00:00', 49, 36, 29),
(8711, '2018-03-28 15:00:00', 49, 36, 30),
(8712, '2018-04-04 15:00:00', 49, 36, 31),
(8713, '2018-04-11 15:00:00', 49, 36, 32),
(8714, '2018-04-18 15:00:00', 49, 36, 33),
(8715, '2018-04-25 15:00:00', 49, 36, 34),
(8716, '2018-05-02 15:00:00', 49, 36, 35),
(8717, '2018-05-09 15:00:00', 49, 36, 36),
(8718, '2018-05-16 15:00:00', 49, 36, 37),
(8719, '2018-05-23 15:00:00', 49, 36, 38),
(8720, '2018-05-30 15:00:00', 49, 36, 39),
(8721, '2018-06-06 15:00:00', 49, 36, 40),
(8722, '2017-09-06 16:00:00', 50, 37, 1),
(8723, '2017-09-13 16:00:00', 50, 37, 2),
(8724, '2017-09-20 16:00:00', 50, 37, 3),
(8725, '2017-09-27 16:00:00', 50, 37, 4),
(8726, '2017-10-04 16:00:00', 50, 37, 5),
(8727, '2017-10-11 16:00:00', 50, 37, 6),
(8728, '2017-10-18 16:00:00', 50, 37, 7),
(8729, '2017-10-25 16:00:00', 50, 37, 8),
(8730, '2017-11-01 16:00:00', 50, 37, 9),
(8731, '2017-11-08 16:00:00', 50, 37, 10),
(8732, '2017-11-15 16:00:00', 50, 37, 11),
(8733, '2017-11-22 16:00:00', 50, 37, 12),
(8734, '2017-11-29 16:00:00', 50, 37, 13),
(8735, '2017-12-06 16:00:00', 50, 37, 14),
(8736, '2017-12-13 16:00:00', 50, 37, 15),
(8737, '2017-12-20 16:00:00', 50, 37, 16),
(8738, '2017-12-27 16:00:00', 50, 37, 17),
(8739, '2018-01-03 16:00:00', 50, 37, 18),
(8740, '2018-01-10 16:00:00', 50, 37, 19),
(8741, '2018-01-17 16:00:00', 50, 37, 20),
(8742, '2018-01-24 16:00:00', 50, 37, 21),
(8743, '2018-01-31 16:00:00', 50, 37, 22),
(8744, '2018-02-07 16:00:00', 50, 37, 23),
(8745, '2018-02-14 16:00:00', 50, 37, 24),
(8746, '2018-02-21 16:00:00', 50, 37, 25),
(8747, '2018-02-28 16:00:00', 50, 37, 26),
(8748, '2018-03-07 16:00:00', 50, 37, 27),
(8749, '2018-03-14 16:00:00', 50, 37, 28),
(8750, '2018-03-21 16:00:00', 50, 37, 29),
(8751, '2018-03-28 16:00:00', 50, 37, 30),
(8752, '2018-04-04 16:00:00', 50, 37, 31),
(8753, '2018-04-11 16:00:00', 50, 37, 32),
(8754, '2018-04-18 16:00:00', 50, 37, 33),
(8755, '2018-04-25 16:00:00', 50, 37, 34),
(8756, '2018-05-02 16:00:00', 50, 37, 35),
(8757, '2018-05-09 16:00:00', 50, 37, 36),
(8758, '2018-05-16 16:00:00', 50, 37, 37),
(8759, '2018-05-23 16:00:00', 50, 37, 38),
(8760, '2018-05-30 16:00:00', 50, 37, 39),
(8761, '2018-06-06 16:00:00', 50, 37, 40),
(8762, '2017-09-07 08:00:00', 48, 41, 1),
(8763, '2017-09-14 08:00:00', 48, 41, 2),
(8764, '2017-09-21 08:00:00', 48, 41, 3),
(8765, '2017-09-28 08:00:00', 48, 41, 4),
(8766, '2017-10-05 08:00:00', 48, 41, 5),
(8767, '2017-10-12 08:00:00', 48, 41, 6),
(8768, '2017-10-19 08:00:00', 48, 41, 7),
(8769, '2017-10-26 08:00:00', 48, 41, 8),
(8770, '2017-11-02 08:00:00', 48, 41, 9),
(8771, '2017-11-09 08:00:00', 48, 41, 10),
(8772, '2017-11-16 08:00:00', 48, 41, 11),
(8773, '2017-11-23 08:00:00', 48, 41, 12),
(8774, '2017-11-30 08:00:00', 48, 41, 13),
(8775, '2017-12-07 08:00:00', 48, 41, 14),
(8776, '2017-12-14 08:00:00', 48, 41, 15),
(8777, '2017-12-21 08:00:00', 48, 41, 16),
(8778, '2017-12-28 08:00:00', 48, 41, 17),
(8779, '2018-01-04 08:00:00', 48, 41, 18),
(8780, '2018-01-11 08:00:00', 48, 41, 19),
(8781, '2018-01-18 08:00:00', 48, 41, 20),
(8782, '2018-01-25 08:00:00', 48, 41, 21),
(8783, '2018-02-01 08:00:00', 48, 41, 22),
(8784, '2018-02-08 08:00:00', 48, 41, 23),
(8785, '2018-02-15 08:00:00', 48, 41, 24),
(8786, '2018-02-22 08:00:00', 48, 41, 25),
(8787, '2018-03-01 08:00:00', 48, 41, 26),
(8788, '2018-03-08 08:00:00', 48, 41, 27),
(8789, '2018-03-15 08:00:00', 48, 41, 28),
(8790, '2018-03-22 08:00:00', 48, 41, 29),
(8791, '2018-03-29 08:00:00', 48, 41, 30),
(8792, '2018-04-05 08:00:00', 48, 41, 31),
(8793, '2018-04-12 08:00:00', 48, 41, 32),
(8794, '2018-04-19 08:00:00', 48, 41, 33),
(8795, '2018-04-26 08:00:00', 48, 41, 34),
(8796, '2018-05-03 08:00:00', 48, 41, 35),
(8797, '2018-05-10 08:00:00', 48, 41, 36),
(8798, '2018-05-17 08:00:00', 48, 41, 37),
(8799, '2018-05-24 08:00:00', 48, 41, 38),
(8800, '2018-05-31 08:00:00', 48, 41, 39),
(8801, '2018-06-07 08:00:00', 48, 41, 40),
(8802, '2017-09-07 09:00:00', 49, 42, 1),
(8803, '2017-09-14 09:00:00', 49, 42, 2),
(8804, '2017-09-21 09:00:00', 49, 42, 3),
(8805, '2017-09-28 09:00:00', 49, 42, 4),
(8806, '2017-10-05 09:00:00', 49, 42, 5),
(8807, '2017-10-12 09:00:00', 49, 42, 6),
(8808, '2017-10-19 09:00:00', 49, 42, 7),
(8809, '2017-10-26 09:00:00', 49, 42, 8),
(8810, '2017-11-02 09:00:00', 49, 42, 9),
(8811, '2017-11-09 09:00:00', 49, 42, 10),
(8812, '2017-11-16 09:00:00', 49, 42, 11),
(8813, '2017-11-23 09:00:00', 49, 42, 12),
(8814, '2017-11-30 09:00:00', 49, 42, 13),
(8815, '2017-12-07 09:00:00', 49, 42, 14),
(8816, '2017-12-14 09:00:00', 49, 42, 15),
(8817, '2017-12-21 09:00:00', 49, 42, 16),
(8818, '2017-12-28 09:00:00', 49, 42, 17),
(8819, '2018-01-04 09:00:00', 49, 42, 18),
(8820, '2018-01-11 09:00:00', 49, 42, 19),
(8821, '2018-01-18 09:00:00', 49, 42, 20),
(8822, '2018-01-25 09:00:00', 49, 42, 21),
(8823, '2018-02-01 09:00:00', 49, 42, 22),
(8824, '2018-02-08 09:00:00', 49, 42, 23),
(8825, '2018-02-15 09:00:00', 49, 42, 24),
(8826, '2018-02-22 09:00:00', 49, 42, 25),
(8827, '2018-03-01 09:00:00', 49, 42, 26),
(8828, '2018-03-08 09:00:00', 49, 42, 27),
(8829, '2018-03-15 09:00:00', 49, 42, 28),
(8830, '2018-03-22 09:00:00', 49, 42, 29),
(8831, '2018-03-29 09:00:00', 49, 42, 30),
(8832, '2018-04-05 09:00:00', 49, 42, 31),
(8833, '2018-04-12 09:00:00', 49, 42, 32),
(8834, '2018-04-19 09:00:00', 49, 42, 33),
(8835, '2018-04-26 09:00:00', 49, 42, 34),
(8836, '2018-05-03 09:00:00', 49, 42, 35),
(8837, '2018-05-10 09:00:00', 49, 42, 36),
(8838, '2018-05-17 09:00:00', 49, 42, 37),
(8839, '2018-05-24 09:00:00', 49, 42, 38),
(8840, '2018-05-31 09:00:00', 49, 42, 39),
(8841, '2018-06-07 09:00:00', 49, 42, 40),
(8842, '2017-09-07 10:00:00', 50, 43, 1),
(8843, '2017-09-14 10:00:00', 50, 43, 2),
(8844, '2017-09-21 10:00:00', 50, 43, 3),
(8845, '2017-09-28 10:00:00', 50, 43, 4),
(8846, '2017-10-05 10:00:00', 50, 43, 5),
(8847, '2017-10-12 10:00:00', 50, 43, 6),
(8848, '2017-10-19 10:00:00', 50, 43, 7),
(8849, '2017-10-26 10:00:00', 50, 43, 8),
(8850, '2017-11-02 10:00:00', 50, 43, 9),
(8851, '2017-11-09 10:00:00', 50, 43, 10),
(8852, '2017-11-16 10:00:00', 50, 43, 11),
(8853, '2017-11-23 10:00:00', 50, 43, 12),
(8854, '2017-11-30 10:00:00', 50, 43, 13),
(8855, '2017-12-07 10:00:00', 50, 43, 14),
(8856, '2017-12-14 10:00:00', 50, 43, 15),
(8857, '2017-12-21 10:00:00', 50, 43, 16),
(8858, '2017-12-28 10:00:00', 50, 43, 17),
(8859, '2018-01-04 10:00:00', 50, 43, 18),
(8860, '2018-01-11 10:00:00', 50, 43, 19),
(8861, '2018-01-18 10:00:00', 50, 43, 20),
(8862, '2018-01-25 10:00:00', 50, 43, 21),
(8863, '2018-02-01 10:00:00', 50, 43, 22),
(8864, '2018-02-08 10:00:00', 50, 43, 23),
(8865, '2018-02-15 10:00:00', 50, 43, 24),
(8866, '2018-02-22 10:00:00', 50, 43, 25),
(8867, '2018-03-01 10:00:00', 50, 43, 26),
(8868, '2018-03-08 10:00:00', 50, 43, 27),
(8869, '2018-03-15 10:00:00', 50, 43, 28),
(8870, '2018-03-22 10:00:00', 50, 43, 29),
(8871, '2018-03-29 10:00:00', 50, 43, 30),
(8872, '2018-04-05 10:00:00', 50, 43, 31),
(8873, '2018-04-12 10:00:00', 50, 43, 32),
(8874, '2018-04-19 10:00:00', 50, 43, 33),
(8875, '2018-04-26 10:00:00', 50, 43, 34),
(8876, '2018-05-03 10:00:00', 50, 43, 35),
(8877, '2018-05-10 10:00:00', 50, 43, 36),
(8878, '2018-05-17 10:00:00', 50, 43, 37),
(8879, '2018-05-24 10:00:00', 50, 43, 38),
(8880, '2018-05-31 10:00:00', 50, 43, 39),
(8881, '2018-06-07 10:00:00', 50, 43, 40);

-- --------------------------------------------------------

--
-- Structure de la table `agnez_eleve`
--

DROP TABLE IF EXISTS `agnez_eleve`;
CREATE TABLE IF NOT EXISTS `agnez_eleve` (
  `id` int(11) NOT NULL AUTO_INCREMENT,
  `classe_id` int(11) NOT NULL,
  `nom` varchar(255) COLLATE utf8_unicode_ci NOT NULL,
  `prenom` varchar(255) COLLATE utf8_unicode_ci NOT NULL,
  `arrayPlaces` longtext COLLATE utf8_unicode_ci COMMENT '(DC2Type:array)',
  `place` int(11) DEFAULT NULL,
  PRIMARY KEY (`id`),
  KEY `IDX_5A0FD4598F5EA509` (`classe_id`)
) ENGINE=InnoDB AUTO_INCREMENT=196 DEFAULT CHARSET=utf8 COLLATE=utf8_unicode_ci;

--
-- Déchargement des données de la table `agnez_eleve`
--

INSERT INTO `agnez_eleve` (`id`, `classe_id`, `nom`, `prenom`, `arrayPlaces`, `place`) VALUES
(47, 48, 'Adrien', 'Adriano', 'N;', 1),
(48, 48, 'Bertrand', 'Bellacina', 'N;', 2),
(49, 48, 'c', 'c', 'N;', 3),
(50, 48, 'd', 'd', 'N;', 4),
(51, 48, 'e', 'e', 'N;', 5),
(52, 48, 'f', 'f', 'N;', 6),
(54, 48, 'h', 'h', 'N;', 7),
(55, 48, 'i', 'i', 'N;', 8),
(56, 48, 'k', 'k', 'N;', 9),
(57, 48, 'l', 'l', 'N;', 10),
(58, 48, 'm', 'm', 'N;', 11),
(59, 48, 'n', 'n', 'N;', 12),
(60, 48, 'o', 'o', 'N;', 13),
(61, 48, 'p', 'p', 'N;', 14),
(62, 48, 'q', 'q', 'N;', 15),
(63, 48, 'r', 'r', 'N;', 16),
(64, 48, 's', 's', 'N;', 17),
(65, 48, 't', 't', 'N;', 18),
(66, 48, 'u', 'u', 'N;', 19),
(67, 48, 'v', 'v', 'N;', 20),
(68, 48, 'w', 'w', 'N;', 21),
(69, 48, 'x', 'x', 'N;', 22),
(70, 48, 'y', 'y', 'N;', 23),
(71, 48, 'z', 'z', 'N;', 24),
(72, 48, 'aa', 'aa', 'N;', 25),
(73, 48, 'bb', 'bb', 'N;', 26),
(74, 48, 'cc', 'cc', 'N;', 27),
(75, 48, 'dd', 'dd', 'N;', 28),
(76, 48, 'ee', 'ee', 'N;', 29),
(77, 49, 'a', 'a', 'N;', 1),
(78, 49, 'a', 'b', 'N;', 2),
(79, 49, 'c', 'd', 'N;', 3),
(80, 49, 'e', 'e', 'N;', 4),
(82, 99, 'AGREBI', 'Rayan', 'N;', 1),
(83, 99, 'AMDOUNI', 'Wassim', 'N;', 2),
(84, 99, 'AYAT', 'Meziane', 'N;', 3),
(85, 99, 'BAUDRY', 'Hugo', 'N;', 4),
(86, 99, 'BECHET', 'Alexia', 'N;', 5),
(87, 99, 'BENAMMAR', 'Mohamed', 'N;', 6),
(88, 99, 'BOUKTOUCHE', 'Lahna', 'N;', 7),
(89, 99, 'BOUKONO', 'Frailé', 'N;', 8),
(90, 99, 'BOUNOUA', 'Madine', 'N;', 9),
(91, 99, 'CADOCHE', 'Joshua', 'N;', 10),
(92, 99, 'CAREME', 'Rayan', 'N;', 11),
(93, 99, 'DAGBA', 'Gloria', 'N;', 12),
(94, 99, 'HARRACHE', 'Yanis', 'N;', 13),
(95, 99, 'ISSILAME', 'Yassif', 'N;', 14),
(96, 99, 'LOREDON', 'Johan', 'N;', 15),
(97, 99, 'MAHBOUB', 'Zahra', 'N;', 16),
(98, 99, 'MAKETIVA', 'Vinny', 'N;', 17),
(99, 99, 'MAMOUNI', 'Amine', 'N;', 18),
(100, 99, 'MEZIDI', 'Camélia', 'N;', 19),
(101, 99, 'NAKMANNY', 'Arthur', 'N;', 20),
(102, 99, 'NASRI', 'Célia', 'N;', 21),
(103, 99, 'SALL', 'Mariam', 'N;', 22),
(104, 99, 'SAPINHO', 'Luis', 'N;', 23),
(105, 99, 'SOARES', 'Marina', 'N;', 24),
(106, 101, 'ATIF', 'Aymen', 'N;', 1),
(107, 101, 'ATIPOT', 'Kany', 'N;', 2),
(108, 101, 'BOUBEKER', 'Célina', 'N;', 3),
(109, 101, 'CHAMAND', 'Hamza', 'N;', 4),
(110, 101, 'CHOPARD', 'Octave', 'N;', 5),
(111, 101, 'DIAKITE', 'Amynn', 'N;', 6),
(112, 101, 'DORE', 'Adiouba', 'N;', 7),
(113, 101, 'DUCAMP', 'Katell', 'N;', 8),
(114, 101, 'HAMROUNI', 'Yessine', 'N;', 9),
(115, 100, 'ABDELLI', 'Ahmed', 'N;', 1),
(116, 107, 'a', 'a', 'N;', 1),
(117, 108, 'b', 'b', 'N;', 1),
(118, 108, 'e', 'e', 'N;', 2),
(119, 108, 'r', 'r', 'N;', 3),
(125, 101, 'JABALLAH', 'Kaïs', 'N;', 10),
(126, 101, 'JEAN-FRANCOIS', 'Marvin', 'N;', 11),
(127, 101, 'KADRI', 'Zacharie', 'N;', 12),
(128, 101, 'KENDOUZ', 'Yacine', 'N;', 13),
(129, 101, 'KOOSHABADY', 'Nicolas', 'N;', 14),
(130, 101, 'LACHGAAR', 'Yanis', 'N;', 15),
(131, 101, 'LATOUR', 'Adrien', 'N;', 16),
(132, 101, 'LE BELLEC', 'Fanny', 'N;', 17),
(133, 101, 'LECLERCQ', 'Titouan', 'N;', 18),
(134, 101, 'LORENTE', 'Shirine', 'N;', 19),
(135, 101, 'SAAD', 'Amir', 'N;', 20),
(136, 101, 'SIBY', 'Cheick', 'N;', 21),
(137, 101, 'SOUIDI', 'Lilia', 'N;', 22),
(138, 101, 'SY', 'Djopolo', 'N;', 23),
(139, 101, 'TRAORA', 'François', 'N;', 24),
(140, 102, 'AISSOU', 'Mohamed', 'N;', 1),
(141, 102, 'ARDES', 'Inès', 'N;', 2),
(142, 102, 'BELAIDI', 'Enzo', 'N;', 3),
(143, 102, 'BOLEOR', 'Angelyna', 'N;', 4),
(144, 102, 'BUES', 'Aaron', 'N;', 5),
(145, 102, 'CLAQUIN', 'Noé', 'N;', 6),
(146, 102, 'CLAUSE', 'Arnauld', 'N;', 7),
(147, 102, 'COURT', 'Violette', 'N;', 8),
(148, 102, 'DELAUNAY', 'Justin', 'N;', 9),
(149, 102, 'DIALLO', 'Kalilou', 'N;', 10),
(150, 102, 'DUPONT', 'Arthur', 'N;', 11),
(151, 102, 'DURAN', 'Elaïa', 'N;', 12),
(152, 102, 'FABRE', 'Marion', 'N;', 13),
(153, 102, 'IAVARHOUSSEN', 'Samiha', 'N;', 14),
(154, 102, 'KADILI', 'Khalid', 'N;', 15),
(155, 102, 'LECLERCQ', 'Corentin', 'N;', 16),
(156, 102, 'LELERRE', 'Cécilia', 'N;', 17),
(157, 102, 'MADOUN', 'Sirine', 'N;', 18),
(158, 102, 'MALOJO', 'Hugo', 'N;', 19),
(159, 102, 'MEBAREK', 'Nathan', 'N;', 20),
(160, 102, 'PROSPER', 'Jude', 'N;', 21),
(161, 102, 'RAMDANI', 'Wessim', 'N;', 22),
(162, 102, 'SEIWERT', 'Diane', 'N;', 23),
(163, 102, 'WATFI', 'Wassim', 'N;', 24),
(164, 102, 'ZEGGANE', 'Alice', 'N;', 25),
(165, 100, 'AISSOu', 'Seif-Eddine', 'N;', 2),
(166, 100, 'AZOUAN', 'Mahéva', 'N;', 3),
(167, 100, 'BABOULAT', 'Léandre', 'N;', 4),
(168, 100, 'BELAIDI', 'Rylès', 'N;', 5),
(169, 100, 'BIANCARDINI', 'Jules', 'N;', 6),
(170, 100, 'BOUKOUIS', 'Adam', 'N;', 7),
(171, 100, 'BOURIGUA', 'Mohamed', 'N;', 8),
(172, 100, 'BRIBECH', 'Yanis', 'N;', 9),
(173, 100, 'COQUELLE', 'Camille', 'N;', 10),
(174, 100, 'DERAMAT', 'Diane', 'N;', 11),
(175, 100, 'DEWATINE', 'Kerwan', 'N;', 12),
(176, 100, 'DHEYGERE', 'Lilou', 'N;', 13),
(177, 100, 'GIRAUD', 'Basile', 'N;', 14),
(178, 100, 'HAOUAS', 'Amine', 'N;', 15),
(179, 100, 'IBRAHIM', 'Mariam', 'N;', 16),
(180, 100, 'KARMENOVA', 'Amina', 'N;', 17),
(181, 100, 'LE CHAIX', 'Thomas', 'N;', 18),
(182, 100, 'LEROY', 'Romane', 'N;', 19),
(183, 100, 'MOREAU', 'Lisa', 'N;', 20),
(184, 100, 'NICULITA', 'Alex', 'N;', 21),
(185, 100, 'SAAD', 'Ilyès', 'N;', 22),
(186, 100, 'SAIL', 'Willem', 'N;', 23),
(187, 100, 'SEGUIN', 'Cédric', 'N;', 24),
(188, 100, 'SERWAR', 'Kim', 'N;', 25),
(189, 100, 'TAZEBINT', 'Oulfa', 'N;', 26),
(190, 100, 'ZAID', 'Nesrine', 'N;', 27);

-- --------------------------------------------------------

--
-- Structure de la table `agnez_event`
--

DROP TABLE IF EXISTS `agnez_event`;
CREATE TABLE IF NOT EXISTS `agnez_event` (
  `id` int(11) NOT NULL AUTO_INCREMENT,
  `eleve_id` int(11) NOT NULL,
  `edt_heure_id` int(11) NOT NULL,
  `type` int(11) DEFAULT NULL,
  PRIMARY KEY (`id`),
  KEY `IDX_8D00DB09A6CC7B2` (`eleve_id`),
  KEY `IDX_8D00DB09EEE57F0A` (`edt_heure_id`)
) ENGINE=InnoDB AUTO_INCREMENT=170 DEFAULT CHARSET=utf8 COLLATE=utf8_unicode_ci;

--
-- Déchargement des données de la table `agnez_event`
--

INSERT INTO `agnez_event` (`id`, `eleve_id`, `edt_heure_id`, `type`) VALUES
(111, 116, 5027, NULL),
(118, 177, 6868, NULL),
(119, 179, 6868, NULL),
(120, 186, 6868, NULL),
(143, 47, 8228, 1),
(144, 48, 8228, 1),
(145, 47, 8228, 2),
(146, 54, 8228, 2),
(147, 47, 8228, 3),
(148, 55, 8228, 3),
(149, 47, 8228, 4),
(150, 60, 8228, 4),
(151, 77, 8828, 4),
(152, 79, 8828, 4),
(153, 78, 8828, 3),
(154, 48, 8788, 1),
(155, 56, 8788, 2),
(156, 63, 8788, 2),
(157, 70, 8788, 2),
(158, 58, 8788, 3),
(159, 63, 8788, 3),
(160, 68, 8788, 3),
(161, 56, 8788, 4),
(162, 62, 8788, 4),
(163, 68, 8788, 4),
(164, 56, 8788, 5),
(165, 57, 8788, 5),
(166, 58, 8788, 5),
(167, 58, 8788, 6),
(168, 64, 8788, 6),
(169, 70, 8788, 6);

-- --------------------------------------------------------

--
-- Structure de la table `agnez_user`
--

DROP TABLE IF EXISTS `agnez_user`;
CREATE TABLE IF NOT EXISTS `agnez_user` (
  `id` int(11) NOT NULL AUTO_INCREMENT,
  `username` varchar(180) COLLATE utf8_unicode_ci NOT NULL,
  `username_canonical` varchar(180) COLLATE utf8_unicode_ci NOT NULL,
  `email` varchar(180) COLLATE utf8_unicode_ci NOT NULL,
  `email_canonical` varchar(180) COLLATE utf8_unicode_ci NOT NULL,
  `enabled` tinyint(1) NOT NULL,
  `salt` varchar(255) COLLATE utf8_unicode_ci DEFAULT NULL,
  `password` varchar(255) COLLATE utf8_unicode_ci NOT NULL,
  `last_login` datetime DEFAULT NULL,
  `confirmation_token` varchar(180) COLLATE utf8_unicode_ci DEFAULT NULL,
  `password_requested_at` datetime DEFAULT NULL,
  `roles` longtext COLLATE utf8_unicode_ci NOT NULL COMMENT '(DC2Type:array)',
  `hebdoEDT` longtext COLLATE utf8_unicode_ci COMMENT '(DC2Type:array)',
  `initialized` int(11) NOT NULL,
  PRIMARY KEY (`id`),
  UNIQUE KEY `UNIQ_456F457692FC23A8` (`username_canonical`),
  UNIQUE KEY `UNIQ_456F4576A0D96FBF` (`email_canonical`),
  UNIQUE KEY `UNIQ_456F4576C05FB297` (`confirmation_token`)
) ENGINE=InnoDB AUTO_INCREMENT=5 DEFAULT CHARSET=utf8 COLLATE=utf8_unicode_ci;

--
-- Déchargement des données de la table `agnez_user`
--

INSERT INTO `agnez_user` (`id`, `username`, `username_canonical`, `email`, `email_canonical`, `enabled`, `salt`, `password`, `last_login`, `confirmation_token`, `password_requested_at`, `roles`, `hebdoEDT`, `initialized`) VALUES
(1, 'Victor', 'victor', 'victor.agnez@hotmail.fr', 'victor.agnez@hotmail.fr', 1, 'f36bErsEJ9FN/p4FD0.0VKV9wp.z52sadFLbm8PKPWo', '77quvt8PnYKqDUj6fRD8eczU6nh5R63i1kYOk1fXObO8d++m1YM9mSBBkrFwqzlE5XvyRU+HaL0XubccEeRsjQ==', '2018-03-07 21:01:30', 'eebG2dCof6VwQ02RFgLKXi3n5j9IdFAyGrOsh3eZhsI', '2018-02-11 11:24:09', 'a:0:{}', 'a:1:{s:8:\"hebdoEdt\";a:40:{i:11;i:0;i:12;i:0;i:13;s:2:\"5D\";i:14;s:2:\"5A\";i:15;s:2:\"4A\";i:16;s:2:\"4D\";i:17;s:2:\"5D\";i:18;i:0;i:21;i:0;i:22;s:2:\"5A\";i:23;s:2:\"5D\";i:24;i:0;i:25;i:0;i:26;s:2:\"4A\";i:27;s:2:\"4D\";i:28;i:0;i:31;s:2:\"4D\";i:32;s:2:\"5D\";i:33;s:2:\"4A\";i:34;s:2:\"5A\";i:35;i:0;i:36;i:0;i:37;i:0;i:38;i:0;i:41;i:0;i:42;s:2:\"5D\";i:43;s:2:\"5A\";i:44;i:0;i:45;s:2:\"4A\";i:46;s:2:\"4D\";i:47;s:2:\"5A\";i:48;i:0;i:51;i:0;i:52;i:0;i:53;i:0;i:54;i:0;i:55;i:0;i:56;i:0;i:57;i:0;i:58;i:0;}}', 4),
(2, 'test2', 'test2', 'test@test.fr', 'test@test.fr', 1, 'TC4Oan8vyXRL8Wd8SRolBC1rFPXWxpJkmbZdEadz.Cw', 'IWq/RGIpYIMuZF2b/GzJPHYgSdKeuWlpGYSk7xe6Or9kp+izXrttXVWx2oZb4oSM4+CuESF5yvUdQxoLcA9tjg==', '2018-02-16 17:18:46', NULL, NULL, 'a:0:{}', 'N;', 0),
(3, 'Adrien', 'adrien', 'Adrie@adr.fr', 'adrie@adr.fr', 1, 'n8AierA2LapjYqY47LRxrtorto1zDbMJfcc.6tTcpww', 'w/+3O2LyHKYzGPDT1cMtld9lyz0LlSPlX5RLRQkPazYeUK4iD86n3ex9V+FxJqwhGKb6Do5F4q81W4woOPlGLA==', '2018-03-09 10:41:11', NULL, NULL, 'a:0:{}', 'a:1:{s:8:\"hebdoEdt\";a:40:{i:11;s:2:\"1A\";i:12;s:2:\"1A\";i:13;s:2:\"1A\";i:14;i:0;i:15;s:2:\"9F\";i:16;s:2:\"9G\";i:17;i:0;i:18;i:0;i:21;s:2:\"1B\";i:22;s:2:\"1B\";i:23;s:2:\"1B\";i:24;i:0;i:25;i:0;i:26;i:0;i:27;i:0;i:28;i:0;i:31;s:2:\"1C\";i:32;s:2:\"1C\";i:33;s:2:\"1C\";i:34;i:0;i:35;s:2:\"1A\";i:36;s:2:\"1B\";i:37;s:2:\"1C\";i:38;i:0;i:41;s:2:\"1A\";i:42;s:2:\"1B\";i:43;s:2:\"1C\";i:44;s:2:\"1D\";i:45;i:0;i:46;i:0;i:47;i:0;i:48;i:0;i:51;i:0;i:52;i:0;i:53;i:0;i:54;s:2:\"1D\";i:55;s:2:\"1D\";i:56;i:0;i:57;s:2:\"9G\";i:58;s:2:\"9F\";}}', 4),
(4, 'Francois', 'francois', 'f@f.fr', 'f@f.fr', 1, 'CcDzXmRxKOdqvCi8Ms1zljWuTPABqe6Yg3a6CnszrsE', 'oylwd5ACv+qxqjIYVHXQ1xhaJjMpUNlaYR6VFUNiSGtdon0RbZqnVdF8UVyd6/TrVeJX9SqYmSul3vlG9oafyA==', '2018-03-04 17:00:34', NULL, NULL, 'a:0:{}', 'a:1:{s:8:\"hebdoEdt\";a:40:{i:11;s:2:\"1A\";i:12;s:2:\"1B\";i:13;s:2:\"1A\";i:14;i:0;i:15;s:2:\"1B\";i:16;s:2:\"1B\";i:17;i:0;i:18;i:0;i:21;i:0;i:22;i:0;i:23;i:0;i:24;i:0;i:25;i:0;i:26;i:0;i:27;i:0;i:28;i:0;i:31;i:0;i:32;i:0;i:33;i:0;i:34;i:0;i:35;i:0;i:36;i:0;i:37;i:0;i:38;i:0;i:41;i:0;i:42;i:0;i:43;i:0;i:44;i:0;i:45;i:0;i:46;i:0;i:47;i:0;i:48;i:0;i:51;i:0;i:52;i:0;i:53;i:0;i:54;i:0;i:55;i:0;i:56;i:0;i:57;i:0;i:58;i:0;}}', 4);

--
-- Contraintes pour les tables déchargées
--

--
-- Contraintes pour la table `agnez_classe`
--
ALTER TABLE `agnez_classe`
  ADD CONSTRAINT `FK_BE5F9FA8A76ED395` FOREIGN KEY (`user_id`) REFERENCES `agnez_user` (`id`);

--
-- Contraintes pour la table `agnez_edt_heure`
--
ALTER TABLE `agnez_edt_heure`
  ADD CONSTRAINT `FK_A58B99548F5EA509` FOREIGN KEY (`classe_id`) REFERENCES `agnez_classe` (`id`);

--
-- Contraintes pour la table `agnez_eleve`
--
ALTER TABLE `agnez_eleve`
  ADD CONSTRAINT `FK_5A0FD4598F5EA509` FOREIGN KEY (`classe_id`) REFERENCES `agnez_classe` (`id`);

--
-- Contraintes pour la table `agnez_event`
--
ALTER TABLE `agnez_event`
  ADD CONSTRAINT `FK_8D00DB09A6CC7B2` FOREIGN KEY (`eleve_id`) REFERENCES `agnez_eleve` (`id`),
  ADD CONSTRAINT `FK_8D00DB09EEE57F0A` FOREIGN KEY (`edt_heure_id`) REFERENCES `agnez_edt_heure` (`id`);
COMMIT;

/*!40101 SET CHARACTER_SET_CLIENT=@OLD_CHARACTER_SET_CLIENT */;
/*!40101 SET CHARACTER_SET_RESULTS=@OLD_CHARACTER_SET_RESULTS */;
/*!40101 SET COLLATION_CONNECTION=@OLD_COLLATION_CONNECTION */;
